195.85,1.66,1.61,0.95,2.15,10.002,16.498,-0.84,1.74,1.3297,1.3843,1.6114,1.6602,9.6249,-0.0895,0.05,0.0765,0.35,0.07,0.0395,0.025,3.24
195.95,1.66,1.61,0.95,2.15,10.002,16.498,-0.84,1.74,1.3297,1.3843,1.6114,1.6602,9.6249,-0.0895,0.05,0.0765,0.35,0.07,0.0395,0.025,4.18
196.05,1.66,1.61,0.95,2.15,10.002,16.498,-0.84,1.74,1.3297,1.3843,1.6114,1.6602,9.6249,-0.0895,0.05,0.0765,0.35,0.07,0.0395,0.025,4.43
196.15,1.66,1.61,0.95,2.15,10.002,16.498,-0.84,1.74,1.3297,1.3843,1.6114,1.6602,9.6249,-0.0895,0.05,0.0765,0.35,0.07,0.0395,0.025,4.01
196.25,1.66,1.61,0.95,2.15,10.002,16.498,-0.84,1.74,1.3297,1.3843,1.6114,1.6602,9.6249,-0.0895,0.05,0.0765,0.35,0.07,0.0395,0.025,3.44
196.05,1.64,1.61,0.95,2.15,10.002,16.498,-0.84,1.74,1.3297,1.3843,1.6114,1.6602,9.6249,-0.0895,0.05,0.0765,0.35,0.07,0.0395,0.025,3.96
196.05,1.65,1.61,0.95,2.15,10.002,16.498,-0.84,1.74,1.3297,1.3843,1.6114,1.6602,9.6249,-0.0895,0.05,0.0765,0.35,0.07,0.0395,0.025,4.32
196.05,1.66,1.61,0.95,2.15,10.002,16.498,-0.84,1.74,1.3297,1.3843,1.6114,1.6602,9.6249,-0.0895,0.05,0.0765,0.35,0.07,0.0395,0.025,4.19
196.05,1.67,1.61,0.95,2.15,10.002,16.498,-0.84,1.74,1.3297,1.3843,1.6114,1.6602,9.6249,-0.0895,0.05,0.0765,0.35,0.07,0.0395,0.025,3.26
196.05,1.68,1.61,0.95,2.15,10.002,16.498,-0.84,1.74,1.3297,1.3843,1.6114,1.6602,9.6249,-0.0895,0.05,0.0765,0.35,0.07,0.0395,0.025,3.01
196.05,1.66,1.59,0.95,2.15,10.002,16.498,-0.84,1.74,1.3297,1.3843,1.6114,1.6602,9.6249,-0.0895,0.05,0.0765,0.35,0.07,0.0395,0.025,3.78
196.05,1.66,1.6,0.95,2.15,10.002,16.498,-0.84,1.74,1.3297,1.3843,1.6114,1.6602,9.6249,-0.0895,0.05,0.0765,0.35,0.07,0.0395,0.025,3.65
196.05,1.66,1.61,0.95,2.15,10.002,16.498,-0.84,1.74,1.3297,1.3843,1.6114,1.6602,9.6249,-0.0895,0.05,0.0765,0.35,0.07,0.0395,0.025,3.84
196.05,1.66,1.62,0.95,2.15,10.002,16.498,-0.84,1.74,1.3297,1.3843,1.6114,1.6602,9.6249,-0.0895,0.05,0.0765,0.35,0.07,0.0395,0.025,4.53
196.05,1.66,1.63,0.95,2.15,10.002,16.498,-0.84,1.74,1.3297,1.3843,1.6114,1.6602,9.6249,-0.0895,0.05,0.0765,0.35,0.07,0.0395,0.025,4.07
196.05,1.66,1.61,0.85,2.15,10.002,16.498,-0.84,1.74,1.3297,1.3843,1.6114,1.6602,9.6249,-0.0895,0.05,0.0765,0.35,0.07,0.0395,0.025,4.13
196.05,1.66,1.61,0.9,2.15,10.002,16.498,-0.84,1.74,1.3297,1.3843,1.6114,1.6602,9.6249,-0.0895,0.05,0.0765,0.35,0.07,0.0395,0.025,3.91
196.05,1.66,1.61,0.95,2.15,10.002,16.498,-0.84,1.74,1.3297,1.3843,1.6114,1.6602,9.6249,-0.0895,0.05,0.0765,0.35,0.07,0.0395,0.025,3.66
196.05,1.66,1.61,1,2.15,10.002,16.498,-0.84,1.74,1.3297,1.3843,1.6114,1.6602,9.6249,-0.0895,0.05,0.0765,0.35,0.07,0.0395,0.025,3.82
196.05,1.66,1.61,1.05,2.15,10.002,16.498,-0.84,1.74,1.3297,1.3843,1.6114,1.6602,9.6249,-0.0895,0.05,0.0765,0.35,0.07,0.0395,0.025,3.5
196.05,1.66,1.61,0.95,2.05,10.002,16.498,-0.84,1.74,1.3297,1.3843,1.6114,1.6602,9.6249,-0.0895,0.05,0.0765,0.35,0.07,0.0395,0.025,3.41
196.05,1.66,1.61,0.95,2.1,10.002,16.498,-0.84,1.74,1.3297,1.3843,1.6114,1.6602,9.6249,-0.0895,0.05,0.0765,0.35,0.07,0.0395,0.025,2.6
196.05,1.66,1.61,0.95,2.15,10.002,16.498,-0.84,1.74,1.3297,1.3843,1.6114,1.6602,9.6249,-0.0895,0.05,0.0765,0.35,0.07,0.0395,0.025,3.72
196.05,1.66,1.61,0.95,2.2,10.002,16.498,-0.84,1.74,1.3297,1.3843,1.6114,1.6602,9.6249,-0.0895,0.05,0.0765,0.35,0.07,0.0395,0.025,3.87
196.05,1.66,1.61,0.95,2.25,10.002,16.498,-0.84,1.74,1.3297,1.3843,1.6114,1.6602,9.6249,-0.0895,0.05,0.0765,0.35,0.07,0.0395,0.025,4.03
196.05,1.66,1.61,0.95,2.15,8.0023,16.498,-0.84,1.74,1.3297,1.3843,1.6114,1.6602,9.6249,-0.0895,0.05,0.0765,0.35,0.07,0.0395,0.025,4.14
196.05,1.66,1.61,0.95,2.15,9.0023,16.498,-0.84,1.74,1.3297,1.3843,1.6114,1.6602,9.6249,-0.0895,0.05,0.0765,0.35,0.07,0.0395,0.025,3.55
196.05,1.66,1.61,0.95,2.15,10.002,16.498,-0.84,1.74,1.3297,1.3843,1.6114,1.6602,9.6249,-0.0895,0.05,0.0765,0.35,0.07,0.0395,0.025,3.67
196.05,1.66,1.61,0.95,2.15,11.002,16.498,-0.84,1.74,1.3297,1.3843,1.6114,1.6602,9.6249,-0.0895,0.05,0.0765,0.35,0.07,0.0395,0.025,3.51
196.05,1.66,1.61,0.95,2.15,12.002,16.498,-0.84,1.74,1.3297,1.3843,1.6114,1.6602,9.6249,-0.0895,0.05,0.0765,0.35,0.07,0.0395,0.025,3.65
196.05,1.66,1.61,0.95,2.15,10.002,14.498,-0.84,1.74,1.3297,1.3843,1.6114,1.6602,9.6249,-0.0895,0.05,0.0765,0.35,0.07,0.0395,0.025,3.81
196.05,1.66,1.61,0.95,2.15,10.002,15.498,-0.84,1.74,1.3297,1.3843,1.6114,1.6602,9.6249,-0.0895,0.05,0.0765,0.35,0.07,0.0395,0.025,3.53
196.05,1.66,1.61,0.95,2.15,10.002,16.498,-0.84,1.74,1.3297,1.3843,1.6114,1.6602,9.6249,-0.0895,0.05,0.0765,0.35,0.07,0.0395,0.025,3.76
196.05,1.66,1.61,0.95,2.15,10.002,17.498,-0.84,1.74,1.3297,1.3843,1.6114,1.6602,9.6249,-0.0895,0.05,0.0765,0.35,0.07,0.0395,0.025,4.41
196.05,1.66,1.61,0.95,2.15,10.002,18.498,-0.84,1.74,1.3297,1.3843,1.6114,1.6602,9.6249,-0.0895,0.05,0.0765,0.35,0.07,0.0395,0.025,4.24
196.05,1.66,1.61,0.95,2.15,10.002,16.498,-1.04,1.74,1.3297,1.3843,1.6114,1.6602,9.6249,-0.0895,0.05,0.0765,0.35,0.07,0.0395,0.025,3.96
196.05,1.66,1.61,0.95,2.15,10.002,16.498,-0.94,1.74,1.3297,1.3843,1.6114,1.6602,9.6249,-0.0895,0.05,0.0765,0.35,0.07,0.0395,0.025,3.51
196.05,1.66,1.61,0.95,2.15,10.002,16.498,-0.84,1.74,1.3297,1.3843,1.6114,1.6602,9.6249,-0.0895,0.05,0.0765,0.35,0.07,0.0395,0.025,3.86
196.05,1.66,1.61,0.95,2.15,10.002,16.498,-0.74,1.74,1.3297,1.3843,1.6114,1.6602,9.6249,-0.0895,0.05,0.0765,0.35,0.07,0.0395,0.025,3.89
196.05,1.66,1.61,0.95,2.15,10.002,16.498,-0.64,1.74,1.3297,1.3843,1.6114,1.6602,9.6249,-0.0895,0.05,0.0765,0.35,0.07,0.0395,0.025,3.77
196.05,1.66,1.61,0.95,2.15,10.002,16.498,-0.84,1.54,1.3297,1.3843,1.6114,1.6602,9.6249,-0.0895,0.05,0.0765,0.35,0.07,0.0395,0.025,3.62
196.05,1.66,1.61,0.95,2.15,10.002,16.498,-0.84,1.64,1.3297,1.3843,1.6114,1.6602,9.6249,-0.0895,0.05,0.0765,0.35,0.07,0.0395,0.025,4.02
196.05,1.66,1.61,0.95,2.15,10.002,16.498,-0.84,1.74,1.3297,1.3843,1.6114,1.6602,9.6249,-0.0895,0.05,0.0765,0.35,0.07,0.0395,0.025,3.95
196.05,1.66,1.61,0.95,2.15,10.002,16.498,-0.84,1.84,1.3297,1.3843,1.6114,1.6602,9.6249,-0.0895,0.05,0.0765,0.35,0.07,0.0395,0.025,3.64
196.05,1.66,1.61,0.95,2.15,10.002,16.498,-0.84,1.94,1.3297,1.3843,1.6114,1.6602,9.6249,-0.0895,0.05,0.0765,0.35,0.07,0.0395,0.025,3.73
196.05,1.66,1.61,0.95,2.15,10.002,16.498,-0.84,1.74,1.1297,1.3843,1.6114,1.6602,9.6249,-0.0895,0.05,0.0765,0.35,0.07,0.0395,0.025,3.07
196.05,1.66,1.61,0.95,2.15,10.002,16.498,-0.84,1.74,1.2297,1.3843,1.6114,1.6602,9.6249,-0.0895,0.05,0.0765,0.35,0.07,0.0395,0.025,3.07
196.05,1.66,1.61,0.95,2.15,10.002,16.498,-0.84,1.74,1.3297,1.3843,1.6114,1.6602,9.6249,-0.0895,0.05,0.0765,0.35,0.07,0.0395,0.025,3.25
196.05,1.66,1.61,0.95,2.15,10.002,16.498,-0.84,1.74,1.4297,1.3843,1.6114,1.6602,9.6249,-0.0895,0.05,0.0765,0.35,0.07,0.0395,0.025,3.07
196.05,1.66,1.61,0.95,2.15,10.002,16.498,-0.84,1.74,1.5297,1.3843,1.6114,1.6602,9.6249,-0.0895,0.05,0.0765,0.35,0.07,0.0395,0.025,3.22
196.05,1.66,1.61,0.95,2.15,10.002,16.498,-0.84,1.74,1.3297,1.1843,1.6114,1.6602,9.6249,-0.0895,0.05,0.0765,0.35,0.07,0.0395,0.025,3.09
196.05,1.66,1.61,0.95,2.15,10.002,16.498,-0.84,1.74,1.3297,1.2843,1.6114,1.6602,9.6249,-0.0895,0.05,0.0765,0.35,0.07,0.0395,0.025,3.51
196.05,1.66,1.61,0.95,2.15,10.002,16.498,-0.84,1.74,1.3297,1.3843,1.6114,1.6602,9.6249,-0.0895,0.05,0.0765,0.35,0.07,0.0395,0.025,3.42
196.05,1.66,1.61,0.95,2.15,10.002,16.498,-0.84,1.74,1.3297,1.4843,1.6114,1.6602,9.6249,-0.0895,0.05,0.0765,0.35,0.07,0.0395,0.025,3.34
196.05,1.66,1.61,0.95,2.15,10.002,16.498,-0.84,1.74,1.3297,1.5843,1.6114,1.6602,9.6249,-0.0895,0.05,0.0765,0.35,0.07,0.0395,0.025,3.31
196.05,1.66,1.61,0.95,2.15,10.002,16.498,-0.84,1.74,1.3297,1.3843,1.4114,1.6602,9.6249,-0.0895,0.05,0.0765,0.35,0.07,0.0395,0.025,3.33
196.05,1.66,1.61,0.95,2.15,10.002,16.498,-0.84,1.74,1.3297,1.3843,1.5114,1.6602,9.6249,-0.0895,0.05,0.0765,0.35,0.07,0.0395,0.025,3.23
196.05,1.66,1.61,0.95,2.15,10.002,16.498,-0.84,1.74,1.3297,1.3843,1.6114,1.6602,9.6249,-0.0895,0.05,0.0765,0.35,0.07,0.0395,0.025,2.99
196.05,1.66,1.61,0.95,2.15,10.002,16.498,-0.84,1.74,1.3297,1.3843,1.7114,1.6602,9.6249,-0.0895,0.05,0.0765,0.35,0.07,0.0395,0.025,3.21
196.05,1.66,1.61,0.95,2.15,10.002,16.498,-0.84,1.74,1.3297,1.3843,1.8114,1.6602,9.6249,-0.0895,0.05,0.0765,0.35,0.07,0.0395,0.025,3.26
196.05,1.66,1.61,0.95,2.15,10.002,16.498,-0.84,1.74,1.3297,1.3843,1.6114,1.4602,9.6249,-0.0895,0.05,0.0765,0.35,0.07,0.0395,0.025,3.42
196.05,1.66,1.61,0.95,2.15,10.002,16.498,-0.84,1.74,1.3297,1.3843,1.6114,1.5602,9.6249,-0.0895,0.05,0.0765,0.35,0.07,0.0395,0.025,3.21
196.05,1.66,1.61,0.95,2.15,10.002,16.498,-0.84,1.74,1.3297,1.3843,1.6114,1.6602,9.6249,-0.0895,0.05,0.0765,0.35,0.07,0.0395,0.025,3.63
196.05,1.66,1.61,0.95,2.15,10.002,16.498,-0.84,1.74,1.3297,1.3843,1.6114,1.7602,9.6249,-0.0895,0.05,0.0765,0.35,0.07,0.0395,0.025,3.43
196.05,1.66,1.61,0.95,2.15,10.002,16.498,-0.84,1.74,1.3297,1.3843,1.6114,1.8602,9.6249,-0.0895,0.05,0.0765,0.35,0.07,0.0395,0.025,3.25
196.05,1.66,1.61,0.95,2.15,10.002,16.498,-0.84,1.74,1.3297,1.3843,1.6114,1.6602,9.4249,-0.0895,0.05,0.0765,0.35,0.07,0.0395,0.025,3.22
196.05,1.66,1.61,0.95,2.15,10.002,16.498,-0.84,1.74,1.3297,1.3843,1.6114,1.6602,9.5249,-0.0895,0.05,0.0765,0.35,0.07,0.0395,0.025,3.19
196.05,1.66,1.61,0.95,2.15,10.002,16.498,-0.84,1.74,1.3297,1.3843,1.6114,1.6602,9.6249,-0.0895,0.05,0.0765,0.35,0.07,0.0395,0.025,3.32
196.05,1.66,1.61,0.95,2.15,10.002,16.498,-0.84,1.74,1.3297,1.3843,1.6114,1.6602,9.7249,-0.0895,0.05,0.0765,0.35,0.07,0.0395,0.025,3.19
196.05,1.66,1.61,0.95,2.15,10.002,16.498,-0.84,1.74,1.3297,1.3843,1.6114,1.6602,9.8249,-0.0895,0.05,0.0765,0.35,0.07,0.0395,0.025,3.1
196.05,1.66,1.61,0.95,2.15,10.002,16.498,-0.84,1.74,1.3297,1.3843,1.6114,1.6602,9.6249,-0.1895,0.05,0.0765,0.35,0.07,0.0395,0.025,2.97
196.05,1.66,1.61,0.95,2.15,10.002,16.498,-0.84,1.74,1.3297,1.3843,1.6114,1.6602,9.6249,-0.1395,0.05,0.0765,0.35,0.07,0.0395,0.025,2.97
196.05,1.66,1.61,0.95,2.15,10.002,16.498,-0.84,1.74,1.3297,1.3843,1.6114,1.6602,9.6249,-0.0895,0.05,0.0765,0.35,0.07,0.0395,0.025,3.57
196.05,1.66,1.61,0.95,2.15,10.002,16.498,-0.84,1.74,1.3297,1.3843,1.6114,1.6602,9.6249,-0.0395,0.05,0.0765,0.35,0.07,0.0395,0.025,3.01
196.05,1.66,1.61,0.95,2.15,10.002,16.498,-0.84,1.74,1.3297,1.3843,1.6114,1.6602,9.6249,0.0105,0.05,0.0765,0.35,0.07,0.0395,0.025,3
196.05,1.66,1.61,0.95,2.15,10.002,16.498,-0.84,1.74,1.3297,1.3843,1.6114,1.6602,9.6249,-0.0895,-0.05,0.0765,0.35,0.07,0.0395,0.025,2.8
196.05,1.66,1.61,0.95,2.15,10.002,16.498,-0.84,1.74,1.3297,1.3843,1.6114,1.6602,9.6249,-0.0895,0,0.0765,0.35,0.07,0.0395,0.025,3.13
196.05,1.66,1.61,0.95,2.15,10.002,16.498,-0.84,1.74,1.3297,1.3843,1.6114,1.6602,9.6249,-0.0895,0.05,0.0765,0.35,0.07,0.0395,0.025,3.01
196.05,1.66,1.61,0.95,2.15,10.002,16.498,-0.84,1.74,1.3297,1.3843,1.6114,1.6602,9.6249,-0.0895,0.1,0.0765,0.35,0.07,0.0395,0.025,3.12
196.05,1.66,1.61,0.95,2.15,10.002,16.498,-0.84,1.74,1.3297,1.3843,1.6114,1.6602,9.6249,-0.0895,0.15,0.0765,0.35,0.07,0.0395,0.025,3.1
196.05,1.66,1.61,0.95,2.15,10.002,16.498,-0.84,1.74,1.3297,1.3843,1.6114,1.6602,9.6249,-0.0895,0.05,-0.0235,0.35,0.07,0.0395,0.025,3.11
196.05,1.66,1.61,0.95,2.15,10.002,16.498,-0.84,1.74,1.3297,1.3843,1.6114,1.6602,9.6249,-0.0895,0.05,0.0265,0.35,0.07,0.0395,0.025,3.1
196.05,1.66,1.61,0.95,2.15,10.002,16.498,-0.84,1.74,1.3297,1.3843,1.6114,1.6602,9.6249,-0.0895,0.05,0.0765,0.35,0.07,0.0395,0.025,3.13
196.05,1.66,1.61,0.95,2.15,10.002,16.498,-0.84,1.74,1.3297,1.3843,1.6114,1.6602,9.6249,-0.0895,0.05,0.1265,0.35,0.07,0.0395,0.025,3.02
196.05,1.66,1.61,0.95,2.15,10.002,16.498,-0.84,1.74,1.3297,1.3843,1.6114,1.6602,9.6249,-0.0895,0.05,0.1765,0.35,0.07,0.0395,0.025,3.03
196.05,1.66,1.61,0.95,2.15,10.002,16.498,-0.84,1.74,1.3297,1.3843,1.6114,1.6602,9.6249,-0.0895,0.05,0.0765,0.15,0.07,0.0395,0.025,2.9
196.05,1.66,1.61,0.95,2.15,10.002,16.498,-0.84,1.74,1.3297,1.3843,1.6114,1.6602,9.6249,-0.0895,0.05,0.0765,0.25,0.07,0.0395,0.025,2.81
196.05,1.66,1.61,0.95,2.15,10.002,16.498,-0.84,1.74,1.3297,1.3843,1.6114,1.6602,9.6249,-0.0895,0.05,0.0765,0.35,0.07,0.0395,0.025,2.7
196.05,1.66,1.61,0.95,2.15,10.002,16.498,-0.84,1.74,1.3297,1.3843,1.6114,1.6602,9.6249,-0.0895,0.05,0.0765,0.45,0.07,0.0395,0.025,2.93
196.05,1.66,1.61,0.95,2.15,10.002,16.498,-0.84,1.74,1.3297,1.3843,1.6114,1.6602,9.6249,-0.0895,0.05,0.0765,0.55,0.07,0.0395,0.025,2.8
196.05,1.66,1.61,0.95,2.15,10.002,16.498,-0.84,1.74,1.3297,1.3843,1.6114,1.6602,9.6249,-0.0895,0.05,0.0765,0.35,-0.13,0.0395,0.025,2.68
196.05,1.66,1.61,0.95,2.15,10.002,16.498,-0.84,1.74,1.3297,1.3843,1.6114,1.6602,9.6249,-0.0895,0.05,0.0765,0.35,-0.03,0.0395,0.025,2.68
196.05,1.66,1.61,0.95,2.15,10.002,16.498,-0.84,1.74,1.3297,1.3843,1.6114,1.6602,9.6249,-0.0895,0.05,0.0765,0.35,0.07,0.0395,0.025,2.77
196.05,1.66,1.61,0.95,2.15,10.002,16.498,-0.84,1.74,1.3297,1.3843,1.6114,1.6602,9.6249,-0.0895,0.05,0.0765,0.35,0.17,0.0395,0.025,2.93
196.05,1.66,1.61,0.95,2.15,10.002,16.498,-0.84,1.74,1.3297,1.3843,1.6114,1.6602,9.6249,-0.0895,0.05,0.0765,0.35,0.27,0.0395,0.025,2.95
196.05,1.66,1.61,0.95,2.15,10.002,16.498,-0.84,1.74,1.3297,1.3843,1.6114,1.6602,9.6249,-0.0895,0.05,0.0765,0.35,0.07,-0.0605,0.025,2.84
196.05,1.66,1.61,0.95,2.15,10.002,16.498,-0.84,1.74,1.3297,1.3843,1.6114,1.6602,9.6249,-0.0895,0.05,0.0765,0.35,0.07,-0.0105,0.025,2.73
196.05,1.66,1.61,0.95,2.15,10.002,16.498,-0.84,1.74,1.3297,1.3843,1.6114,1.6602,9.6249,-0.0895,0.05,0.0765,0.35,0.07,0.0395,0.025,2.74
196.05,1.66,1.61,0.95,2.15,10.002,16.498,-0.84,1.74,1.3297,1.3843,1.6114,1.6602,9.6249,-0.0895,0.05,0.0765,0.35,0.07,0.0895,0.025,3.05
196.05,1.66,1.61,0.95,2.15,10.002,16.498,-0.84,1.74,1.3297,1.3843,1.6114,1.6602,9.6249,-0.0895,0.05,0.0765,0.35,0.07,0.1395,0.025,3.26
196.05,1.66,1.61,0.95,2.15,10.002,16.498,-0.84,1.74,1.3297,1.3843,1.6114,1.6602,9.6249,-0.0895,0.05,0.0765,0.35,0.07,0.0395,-0.075,3.39
196.05,1.66,1.61,0.95,2.15,10.002,16.498,-0.84,1.74,1.3297,1.3843,1.6114,1.6602,9.6249,-0.0895,0.05,0.0765,0.35,0.07,0.0395,-0.025,3.43
196.05,1.66,1.61,0.95,2.15,10.002,16.498,-0.84,1.74,1.3297,1.3843,1.6114,1.6602,9.6249,-0.0895,0.05,0.0765,0.35,0.07,0.0395,0.025,3.38
196.05,1.66,1.61,0.95,2.15,10.002,16.498,-0.84,1.74,1.3297,1.3843,1.6114,1.6602,9.6249,-0.0895,0.05,0.0765,0.35,0.07,0.0395,0.075,3.42
196.05,1.66,1.61,0.95,2.15,10.002,16.498,-0.84,1.74,1.3297,1.3843,1.6114,1.6602,9.6249,-0.0895,0.05,0.0765,0.35,0.07,0.0395,0.125,3.26
