filename,x0,y0,sigma_x,sigma_y,theta,has_beam,category,split
test2/gs21/BPM1_ 1.png,380.7367870459776,244.4421747066808,107.25336227273037,111.6121610845536,0.820827777869233,1,gs21,test
test2/gs21/BPM1_ 10.png,321.6751597871364,298.6189100823614,7.5,7.5,-1.271718046731918,1,gs21,test
test2/gs21/BPM1_ 11.png,381.3643107807375,241.0700082608874,106.00140880447886,109.95688627250884,0.8161970508912699,1,gs21,test
test2/gs21/BPM1_ 12.png,381.5378314633491,241.89223156414002,106.39970720941032,109.97910842483665,0.8131988787036156,1,gs21,test
test2/gs21/BPM1_ 13.png,380.41330154949736,239.99937865414483,106.67511795225865,109.62538370431085,0.8086176316086711,1,gs21,test
test2/gs21/BPM1_ 14.png,380.74734582037905,240.82707826583245,106.16149420808092,109.8875106602915,0.8148788173088508,1,gs21,test
test2/gs21/BPM1_ 15.png,381.99774610239905,242.0272864976762,106.14949184659199,109.87253504366336,0.8141955696514112,1,gs21,test
test2/gs21/BPM1_ 16.png,380.67712254299425,240.3911987751378,106.4390395493446,109.50771923734737,0.8095624386536433,1,gs21,test
test2/gs21/BPM1_ 17.png,381.1631642836311,241.55568167784878,105.90767237636263,109.47360393717554,0.8132288054192749,1,gs21,test
test2/gs21/BPM1_ 18.png,381.9547593462971,242.35430028518624,105.96477463319926,109.56485591302223,0.8132758027200959,1,gs21,test
test2/gs21/BPM1_ 19.png,380.6703733327567,240.53517739231904,106.33563223211942,109.37932894252444,0.8093577473377307,1,gs21,test
test2/gs21/BPM1_ 2.png,381.02312188726944,240.57804208756906,106.98305721501976,110.09464998828636,0.8097693170037459,1,gs21,test
test2/gs21/BPM1_ 20.png,380.7232448172226,241.25217273109283,105.8247993296339,109.26288912399387,0.8119737798199306,1,gs21,test
test2/gs21/BPM1_ 21.png,56.2287899026854,48.9845727656297,11.889183894383635,12.641261351149192,-0.8841671130431172,1,gs21,test
test2/gs21/BPM1_ 22.png,380.03790031619144,240.70411641361642,106.33249188272791,109.0826773056737,0.8069889616934507,1,gs21,test
test2/gs21/BPM1_ 23.png,380.14461604504044,240.7189374488019,106.05008763322488,109.51763694942349,0.812618671904122,1,gs21,test
test2/gs21/BPM1_ 24.png,381.3609265396125,241.72641235758854,106.05515350051375,109.5859633985262,0.8127208769907205,1,gs21,test
test2/gs21/BPM1_ 25.png,320.6911268113427,295.30245538997974,7.5,7.5,1.2357041497688792,1,gs21,test
test2/gs21/BPM1_ 26.png,378.95170034790544,241.7080602390403,106.10953984828393,110.26215815358023,0.8196814941323468,1,gs21,test
test2/gs21/BPM1_ 27.png,381.18578828860154,241.94789125284564,105.64869925391633,109.40026270218509,0.8147046676138036,1,gs21,test
test2/gs21/BPM1_ 28.png,380.39917171327875,240.4449468994717,105.86524965285192,109.00823229732256,0.8103410649913272,1,gs21,test
test2/gs21/BPM1_ 29.png,380.3068857298705,240.53583224580152,105.80620475730004,109.2918758257966,0.812892685290174,1,gs21,test
test2/gs21/BPM1_ 3.png,380.6678500331602,240.09033389148848,106.68111176987547,109.77901516151248,0.8098335979970512,1,gs21,test
test2/gs21/BPM1_ 30.png,381.47516897080567,241.80059114827077,105.90734176798476,109.48500026975472,0.8132852780366439,1,gs21,test
test2/gs21/BPM1_ 31.png,380.35769498563036,240.76386172031877,105.8447989850127,108.8635186064613,0.8089647859390617,1,gs21,test
test2/gs21/BPM1_ 32.png,380.73641700468767,241.31648870573798,105.57576746658962,109.16857300204681,0.8132205205097732,1,gs21,test
test2/gs21/BPM1_ 33.png,381.6722279285338,241.75309477732085,105.92713501369555,109.36723812032992,0.8120875981655946,1,gs21,test
test2/gs21/BPM1_ 34.png,380.18704914137675,240.14224791983085,106.10208836794088,109.01985367581972,0.8083296356493807,1,gs21,test
test2/gs21/BPM1_ 35.png,380.87286897712573,240.64873751989035,105.65582346940363,109.50466577650887,0.8157668683390625,1,gs21,test
test2/gs21/BPM1_ 36.png,380.94358594898995,240.71037516519868,105.99013285137693,109.37200399906023,0.8118887714426807,1,gs21,test
test2/gs21/BPM1_ 37.png,380.2650952391261,239.41060347245192,106.03666231927156,109.52716269822912,0.8130286753024633,1,gs21,test
test2/gs21/BPM1_ 38.png,380.40253587562256,240.68344196644824,105.84759266621009,109.17935989105067,0.8119361105850863,1,gs21,test
test2/gs21/BPM1_ 39.png,378.35568342840327,241.7655507864378,105.91715895294772,109.43780776190543,0.8147285086083095,1,gs21,test
test2/gs21/BPM1_ 4.png,382.2434462927797,242.17882654995447,106.60647446945603,110.50048975573525,0.8157695719806872,1,gs21,test
test2/gs21/BPM1_ 40.png,380.471780459801,240.69725905039306,105.79911406411465,109.45773582009637,0.8141664333062426,1,gs21,test
test2/gs21/BPM1_ 41.png,380.82173982833064,241.99592907122576,105.57639694936746,108.84869996848158,0.8108899778305607,1,gs21,test
test2/gs21/BPM1_ 42.png,379.3676538925033,239.28757820389873,105.99312122623037,108.75060340848489,0.8073908127309334,1,gs21,test
test2/gs21/BPM1_ 43.png,382.0478902639043,241.57879136985312,105.45825222278053,109.49888859532406,0.8163872563223312,1,gs21,test
test2/gs21/BPM1_ 44.png,380.4316813966408,239.82636149596834,105.88285006254868,109.15270712232453,0.8113585782868138,1,gs21,test
test2/gs21/BPM1_ 45.png,380.54132198662626,239.73871091886033,105.48572909276884,109.07126890688662,0.8139597846657632,1,gs21,test
test2/gs21/BPM1_ 46.png,381.5089141513245,241.5453953572693,105.54123286697275,109.12772793525421,0.8132945303000545,1,gs21,test
test2/gs21/BPM1_ 47.png,380.0422579733884,239.58858942160032,106.14043721990059,108.96495841495796,0.8077941548202553,1,gs21,test
test2/gs21/BPM1_ 48.png,380.44423717903584,240.32396346901,105.57010335618841,109.24436445868342,0.8144824323528257,1,gs21,test
test2/gs21/BPM1_ 49.png,378.0508468996129,241.2813980509583,106.00936028988357,109.65758176544684,0.8158263168391131,1,gs21,test
test2/gs21/BPM1_ 5.png,55.21986000902633,49.052600166449814,10.965952202851398,12.69842521250957,-1.0167920915085555,1,gs21,test
test2/gs21/BPM1_ 50.png,380.5832491407341,240.76380838216383,105.9170523978368,109.56835846316204,0.8140198768830519,1,gs21,test
test2/gs21/BPM1_ 6.png,379.291999685422,242.18044199962716,106.67081583672433,110.21731145313571,0.8148304128563483,1,gs21,test
test2/gs21/BPM1_ 7.png,381.5245907424402,240.204114206159,106.60707451240175,110.26423763709961,0.8139368019973516,1,gs21,test
test2/gs21/BPM1_ 8.png,381.2556446481985,241.31067784466364,106.26778931053367,110.2259892317201,0.8165188320221061,1,gs21,test
test2/gs21/BPM1_ 9.png,381.1943797281225,241.2641009390035,106.6857362155302,109.78130913947777,0.8094763728234231,1,gs21,test
test2/gs22/BPM2_ 100.png,93.56533749507093,303.64319630822683,14.468821033615589,10.056065935600069,0.1143903324232518,1,gs22,test
test2/gs22/BPM2_ 51.png,283.95045555275374,319.6966422599446,9.31082822423167,12.715723808514024,-1.1523727455435149,1,gs22,test
test2/gs22/BPM2_ 52.png,283.82851960474557,319.69772638724334,9.298787893242036,12.696761671789302,-1.1556210608742221,1,gs22,test
test2/gs22/BPM2_ 53.png,283.7608761779161,319.6346803912613,9.307652819971253,12.875759095553223,-1.1619914239534515,1,gs22,test
test2/gs22/BPM2_ 54.png,283.8103836328379,319.4918912086703,9.399917668620446,12.949382997176837,-1.1443265474844084,1,gs22,test
test2/gs22/BPM2_ 55.png,94.28542485125242,302.5947021647684,14.648965512889912,11.001758760751098,-0.046628592248053886,1,gs22,test
test2/gs22/BPM2_ 56.png,93.66349691757922,303.398954670493,14.458075233904244,9.90384527172785,0.11720653181162803,1,gs22,test
test2/gs22/BPM2_ 57.png,93.90015245241966,303.8898517250102,14.637343118069605,9.864082439736675,0.10566974205672588,1,gs22,test
test2/gs22/BPM2_ 58.png,94.8718218764043,302.63233451138467,14.451060685106738,11.632373551219827,-0.05719203437611388,1,gs22,test
test2/gs22/BPM2_ 59.png,283.6917762853878,319.3114514048056,9.399642100616497,12.889830523339958,-1.1443362194380193,1,gs22,test
test2/gs22/BPM2_ 60.png,93.90679104316636,303.7105074171316,14.525278086336515,10.551761953794353,0.11323013790274736,1,gs22,test
test2/gs22/BPM2_ 61.png,93.9281992315472,303.5166673015559,14.452087566520156,10.211422385958356,0.11284177826465451,1,gs22,test
test2/gs22/BPM2_ 62.png,94.14752121943657,304.0780369487823,14.398198167405317,10.181695178309399,0.10360789639813374,1,gs22,test
test2/gs22/BPM2_ 63.png,93.83144692746315,303.6578211647614,14.503688498950998,9.679198367869201,0.10307642648509907,1,gs22,test
test2/gs22/BPM2_ 64.png,283.56395280927165,319.32936702457147,9.377132932731348,12.89858504445992,-1.144850573252052,1,gs22,test
test2/gs22/BPM2_ 65.png,93.99766759063431,303.5032453782391,14.381858356236522,10.768870173234081,0.09462260549114931,1,gs22,test
test2/gs22/BPM2_ 66.png,93.8989375712963,303.4424632505554,14.31394203729579,10.08978663398279,0.09391613886174247,1,gs22,test
test2/gs22/BPM2_ 67.png,93.45834097816387,303.7587593411889,14.503126109999167,9.80603971305842,0.10609267053617238,1,gs22,test
test2/gs22/BPM2_ 68.png,94.50574922529886,302.8173876937982,14.59590410405136,10.86259105224663,0.015941468205675546,1,gs22,test
test2/gs22/BPM2_ 69.png,93.8273318485514,303.3705784989765,14.434465729603028,10.74542418082819,0.1544110701059126,1,gs22,test
test2/gs22/BPM2_ 70.png,93.68501738182955,303.45564524268747,14.302052953387502,10.383224433493371,0.09281710125218198,1,gs22,test
test2/gs22/BPM2_ 71.png,94.41722003493327,302.9121231034995,14.614855370736656,11.194803978293274,-0.009099460908679587,1,gs22,test
test2/gs22/BPM2_ 72.png,93.42849207107903,303.7340473756884,14.580814022212426,9.914325599246057,0.07564597362044584,1,gs22,test
test2/gs22/BPM2_ 73.png,283.2255395141527,319.4634915702803,9.236156025793404,12.945467197209712,-1.1686889032207022,1,gs22,test
test2/gs22/BPM2_ 74.png,283.27487161320295,319.4250503989702,9.338212981621693,13.026195584446,-1.164339057008816,1,gs22,test
test2/gs22/BPM2_ 75.png,283.2885865517727,319.40543756071133,9.450898821391556,13.142554282291089,-1.1613297374936276,1,gs22,test
test2/gs22/BPM2_ 76.png,94.3980575779141,303.4381900562,14.587413874270924,10.919114194422402,-0.04093606319544686,1,gs22,test
test2/gs22/BPM2_ 77.png,93.70446798020122,303.63569201844274,14.375549978226008,10.426115937415522,0.10908127029262499,1,gs22,test
test2/gs22/BPM2_ 78.png,94.207346781004,302.4944089278632,14.499441100980341,10.26174269740854,-0.015171168124420393,1,gs22,test
test2/gs22/BPM2_ 79.png,94.36606554014422,303.10198642202033,14.548757311671006,10.966419629951359,-0.1022513831725217,1,gs22,test
test2/gs22/BPM2_ 80.png,94.04006435452698,303.5668156478735,14.622173626986894,11.381309466543312,-0.0101509923862297,1,gs22,test
test2/gs22/BPM2_ 81.png,93.85417004234783,303.0503004600374,14.311206116223943,10.440669158395465,0.11636820156862998,1,gs22,test
test2/gs22/BPM2_ 82.png,93.85402168203801,303.9107962838588,14.264093037253234,10.587571142115126,0.13872247070588897,1,gs22,test
test2/gs22/BPM2_ 83.png,93.90872705260584,303.4514991419518,14.475883717554513,10.115577352250543,0.13038186205770932,1,gs22,test
test2/gs22/BPM2_ 84.png,93.81279329812274,303.9478462021204,14.39982237812204,10.09055674165533,0.12746731454355545,1,gs22,test
test2/gs22/BPM2_ 85.png,94.79205013069655,302.8715353461164,14.337585713499204,12.015282722836183,-0.10455556438764937,1,gs22,test
test2/gs22/BPM2_ 86.png,93.95043014541653,303.5054794591413,14.427703309897723,10.530535931667776,0.09502769410095004,1,gs22,test
test2/gs22/BPM2_ 87.png,93.60320493005709,304.0759828267704,14.33234135329945,9.822987611149628,0.08147423201972918,1,gs22,test
test2/gs22/BPM2_ 88.png,93.90180650731429,302.85982175862597,14.73758694749357,10.491137468502494,0.009163004239897824,1,gs22,test
test2/gs22/BPM2_ 89.png,283.27796209406085,319.30536365394386,9.32659224011983,12.915222155506152,-1.1514646538799136,1,gs22,test
test2/gs22/BPM2_ 90.png,283.33374409163184,319.1636577394187,9.427856983548573,13.076412231609948,-1.1538930218725356,1,gs22,test
test2/gs22/BPM2_ 91.png,94.08807274724431,303.44085199184076,14.392676443392123,10.224587866485079,0.09930199282188153,1,gs22,test
test2/gs22/BPM2_ 92.png,93.56617142466877,304.0180681201933,14.544710074371865,9.600428794755805,0.07702133253506223,1,gs22,test
test2/gs22/BPM2_ 93.png,283.27050214076326,319.2689107020973,9.310917766791873,12.929490455431692,-1.1608542136201774,1,gs22,test
test2/gs22/BPM2_ 94.png,93.9042858505664,303.28366925839845,14.386485070401237,10.863899182792531,0.18292808596810145,1,gs22,test
test2/gs22/BPM2_ 95.png,93.85179827436481,303.33848984872884,14.411629820975971,10.197785110038296,0.14603538367280716,1,gs22,test
test2/gs22/BPM2_ 96.png,93.73135987828186,303.9715438446341,14.753874729066629,9.964480663295578,0.08170972910113886,1,gs22,test
test2/gs22/BPM2_ 97.png,93.96772336818175,303.83094441096796,14.461558498404553,9.94850433281758,0.06997256545109633,1,gs22,test
test2/gs22/BPM2_ 98.png,94.33053246394086,302.6885881639582,14.622509310183073,11.518979529510634,-0.08015580096453777,1,gs22,test
test2/gs22/BPM2_ 99.png,93.96679801713931,303.6202953663524,14.4589291856168,10.400818349248755,0.08869190944722927,1,gs22,test
test2/gs23/BPM3_ 101.png,354.0959437742681,270.3823610291563,42.15763559188088,64.14319509545572,1.3535974006497695,1,gs23,test
test2/gs23/BPM3_ 102.png,354.6959462499172,267.4297719712857,42.6546731746783,61.79582626575771,1.2661958030079392,1,gs23,test
test2/gs23/BPM3_ 103.png,354.4896051664408,248.9291713062366,43.13651841117566,61.34868162116212,1.2382664292938055,1,gs23,test
test2/gs23/BPM3_ 104.png,357.6379163422268,232.74396931255717,42.38428602514102,64.77366001641924,1.3499325776836169,1,gs23,test
test2/gs23/BPM3_ 105.png,360.3108413876234,226.37844938785068,41.67702982776827,65.45087766783408,1.4529629475629202,1,gs23,test
test2/gs23/BPM4_ 1.png,306.5001110384202,299.167586327004,20.322132101609643,14.711422988581903,-0.1913875373678878,1,gs23,test
test2/gs23/BPM4_ 10.png,309.2458579102241,298.7582088301175,21.800558154238946,15.081828585533115,-0.13675840580768517,1,gs23,test
test2/gs23/BPM4_ 11.png,308.8913143344827,300.2979026423134,21.393489274520032,15.443642997327462,-0.12554400796063275,1,gs23,test
test2/gs23/BPM4_ 12.png,310.19074281135846,298.61906097126683,22.54019399253923,15.55374409504133,-0.09855097139421641,1,gs23,test
test2/gs23/BPM4_ 13.png,309.29949769458227,298.0433774525283,21.984458415662335,15.131755485738738,-0.12802468364978067,1,gs23,test
test2/gs23/BPM4_ 14.png,309.8354073710707,297.58733107029633,22.386294441764136,15.436495233623967,-0.1494830390784372,1,gs23,test
test2/gs23/BPM4_ 15.png,309.8150143595357,297.6369095833664,22.72221196275944,15.72152461769836,-0.11760634454330918,1,gs23,test
test2/gs23/BPM4_ 16.png,308.94717302550106,296.6570687816429,22.5051452400579,15.411128748076663,-0.16156064800912348,1,gs23,test
test2/gs23/BPM4_ 17.png,308.6126739046096,296.8881018530961,22.383840918814748,15.802697281364566,-0.16821925736561796,1,gs23,test
test2/gs23/BPM4_ 18.png,310.86365556410726,297.7956844403665,22.659385559963912,16.130311184935035,-0.1253659300408582,1,gs23,test
test2/gs23/BPM4_ 19.png,309.43917647264595,297.579338274296,22.244117757390253,15.508384706213917,-0.11903516703487246,1,gs23,test
test2/gs23/BPM4_ 2.png,310.0809598826036,297.4742736915428,22.300867747443508,15.118369713362856,-0.1618915435471739,1,gs23,test
test2/gs23/BPM4_ 20.png,309.1896184771776,297.7671514685171,22.36282860892381,15.65251132528424,-0.1345143764693582,1,gs23,test
test2/gs23/BPM4_ 21.png,308.1581029300121,297.8449556359632,21.92767945697719,15.677910543741792,-0.15791536351349497,1,gs23,test
test2/gs23/BPM4_ 22.png,306.8624411623728,297.89648691747203,21.39835324985207,15.214815406408954,-0.20251612923507095,1,gs23,test
test2/gs23/BPM4_ 23.png,307.21586255123947,298.4671357497285,21.295173895715294,15.247244208304146,-0.16827562457735262,1,gs23,test
test2/gs23/BPM4_ 24.png,307.1925322028427,298.26388218842993,21.350027583297205,15.518846698957338,-0.18047920262967665,1,gs23,test
test2/gs23/BPM4_ 25.png,308.05688259538283,297.9656881334052,21.829095741696694,15.196415892998154,-0.15420524653876888,1,gs23,test
test2/gs23/BPM4_ 26.png,309.9955442630874,297.1333592550115,22.759182605003236,15.715190804108062,-0.1567306710218234,1,gs23,test
test2/gs23/BPM4_ 27.png,311.0188912066641,296.23598081654507,23.322881477616143,15.996097877286395,-0.18520088575645632,1,gs23,test
test2/gs23/BPM4_ 28.png,310.5753358546216,296.9404047059302,22.776047684557845,15.753730342677144,-0.16005044752209058,1,gs23,test
test2/gs23/BPM4_ 29.png,309.1696301720444,297.9393271061038,22.025820237958676,15.652192478253493,-0.14678095726769055,1,gs23,test
test2/gs23/BPM4_ 3.png,309.9144708424838,296.95265852717745,22.58677330867147,15.440596386720326,-0.15685362556189447,1,gs23,test
test2/gs23/BPM4_ 30.png,309.4712834350576,298.0826759100533,22.347299519172882,15.934804553364463,-0.13195045905913436,1,gs23,test
test2/gs23/BPM4_ 31.png,308.9036317988801,298.0506741430837,22.11310134521391,15.652667852723381,-0.14241668008253283,1,gs23,test
test2/gs23/BPM4_ 32.png,309.1074063857414,297.6633098899264,22.09790729093623,15.344559847299994,-0.1622411979599972,1,gs23,test
test2/gs23/BPM4_ 33.png,309.5055483752653,295.9169065448798,22.965911565688668,15.915362604775018,-0.15556140119140968,1,gs23,test
test2/gs23/BPM4_ 34.png,310.2224574142948,297.36476612741893,22.170620319380845,15.425984193413155,-0.1493747829736229,1,gs23,test
test2/gs23/BPM4_ 35.png,309.55042858235714,297.5616564189142,21.85359740344686,15.32259331945085,-0.16242205531176715,1,gs23,test
test2/gs23/BPM4_ 36.png,308.91306455623715,297.77277543677246,22.071263764873365,15.806838265849722,-0.14332664135004564,1,gs23,test
test2/gs23/BPM4_ 37.png,308.77159271850314,297.59092660342657,22.326342889774743,15.644331076278917,-0.1504057273877073,1,gs23,test
test2/gs23/BPM4_ 38.png,307.24719292107704,297.5541801363893,22.386530099847356,15.438544076294267,-0.1473581456112596,1,gs23,test
test2/gs23/BPM4_ 39.png,308.3814760342021,299.7055454533991,21.8016818361769,15.9398704618375,-0.13915449353259932,1,gs23,test
test2/gs23/BPM4_ 4.png,309.94911455461516,295.6454957384658,22.8725756010659,15.79099263899353,-0.1789704205835806,1,gs23,test
test2/gs23/BPM4_ 40.png,309.06756782349584,299.12354082439737,21.887422890457408,15.82664354235784,-0.13592360203440312,1,gs23,test
test2/gs23/BPM4_ 41.png,308.6618229973053,298.9337568319131,21.60105953999222,15.521955790227482,-0.152695468247793,1,gs23,test
test2/gs23/BPM4_ 42.png,309.40657406717503,297.28050417842246,22.499599813629498,15.886653223654644,-0.12432321727515207,1,gs23,test
test2/gs23/BPM4_ 43.png,308.88970845133537,297.0732374841811,22.286285816632653,15.837098000118148,-0.14196102700787122,1,gs23,test
test2/gs23/BPM4_ 44.png,309.08162633989014,295.7986045735536,22.495659397325543,15.67131143457808,-0.14187078216012308,1,gs23,test
test2/gs23/BPM4_ 45.png,312.13546873395694,299.3546047412977,22.22597872068606,15.992844641358042,-0.10831365995934245,1,gs23,test
test2/gs23/BPM4_ 5.png,308.24907413682547,295.41015403949973,22.183665510362413,14.995586693226443,-0.20088204967139647,1,gs23,test
test2/gs23/BPM4_ 6.png,307.1314430822607,296.77620591600015,21.840819060747886,15.128534541699032,-0.14384818389493273,1,gs23,test
test2/gs23/BPM4_ 7.png,482.8701137898947,228.66028729940575,74.51736098692001,116.68527976686055,1.422726670118247,1,gs23,test
test2/gs23/BPM4_ 8.png,485.7909558488468,230.19770614647055,74.15985623483922,116.11235949282667,1.4325174708014652,1,gs23,test
test2/gs23/BPM4_ 9.png,309.20868015398065,297.0822443760377,22.4809727519621,15.234604485601148,-0.13805939768628508,1,gs23,test
test2/gs25/BPM4_ 46.png,310.8379427329489,298.7955141178,22.050577598278966,15.873454992508481,-0.12610998154717418,1,gs25,test
test2/gs25/BPM4_ 47.png,308.82792550125043,297.9648809246118,21.61269431602018,15.584779109960284,-0.1498504347267763,1,gs25,test
test2/gs25/BPM4_ 48.png,308.46393163798746,297.2438550322339,22.52529139055928,15.70877321377989,-0.13554139287011904,1,gs25,test
test2/gs25/BPM4_ 49.png,306.1120110997382,296.47056239555013,22.718559880015032,15.449237345974515,-0.14650597460250753,1,gs25,test
test2/gs25/BPM4_ 50.png,305.63832075525335,296.23215429586725,22.34044474819925,15.357894784863346,-0.15225399157802236,1,gs25,test
test2/gs25/BPM4_ 51.png,305.5139918480902,296.1752046363826,22.57080303533352,15.544621852151414,-0.15106823856238238,1,gs25,test
test2/gs25/BPM4_ 52.png,305.5100327241569,296.1349983366615,22.700787270301998,15.414161236695193,-0.15797339101874686,1,gs25,test
test2/gs25/BPM4_ 53.png,304.90735268709227,296.27072787978375,22.11772721460671,15.216855126145465,-0.15711194137263798,1,gs25,test
test2/gs25/BPM4_ 54.png,305.22703207259883,295.87123886605497,22.63790883713106,15.515657847301084,-0.1589602124121323,1,gs25,test
test2/gs25/BPM4_ 55.png,305.22017364025754,295.8993920220465,22.874105728056502,15.395129333250885,-0.15743263775488392,1,gs25,test
test2/gs25/BPM4_ 56.png,481.8906307990364,228.8799120724885,74.59206585710066,117.16770657554724,1.4068995607148944,1,gs25,test
test2/gs25/BPM4_ 57.png,486.0675325130535,232.96417265690428,74.0675120188843,116.01862647188071,1.4332904093722985,1,gs25,test
test2/gs25/BPM4_ 58.png,490.49965229727616,233.0942540493047,73.26220621035671,115.11842207646528,1.4704446021779338,1,gs25,test
test2/gs25/BPM4_ 59.png,309.8884717609303,297.110229162806,23.9269051860776,15.79299353941898,-0.14772804128722017,1,gs25,test
test2/gs25/BPM4_ 60.png,312.034691368692,297.3833606742979,24.3153024507927,16.140602495339127,-0.16352618882623898,1,gs25,test
test2/gs25/BPM4_ 61.png,482.1317699152469,227.863513661698,74.72344320066348,116.76324959690515,1.4154834654955397,1,gs25,test
test2/gs25/BPM4_ 62.png,479.1465537146943,229.8950162962712,74.78497877856121,116.79386729017874,1.4111863939179614,1,gs25,test
test2/gs25/BPM4_ 63.png,485.18946820912066,229.54577884188348,74.6709010366114,117.25189243890537,1.4167956769178662,1,gs25,test
test2/gs25/BPM4_ 64.png,313.9616652668645,298.6784712689205,23.363425817687144,15.604038567154795,-0.058433521738930516,1,gs25,test
test2/gs25/BPM4_ 65.png,306.56747123967295,295.9606884147266,23.40685029793527,15.265024157974159,-0.12168702178991005,1,gs25,test
test2/gs25/BPM4_ 66.png,479.77342931609115,228.99750583465118,74.7822050595343,117.43004009224552,1.4084872557635648,1,gs25,test
test2/gs25/BPM4_ 67.png,478.13658348318586,229.6680630814751,74.81180705083575,116.37092714649712,1.4097245509811465,1,gs25,test
test2/gs25/BPM4_ 68.png,480.8776436336376,230.74373734565435,74.47068450719964,116.1546614742759,1.4067355840747524,1,gs25,test
test2/gs25/BPM4_ 69.png,297.00182549321147,302.21875446964845,22.035668649703084,17.608401949110622,0.006097656017230443,1,gs25,test
test2/gs25/BPM4_ 70.png,300.39748297717097,300.7275248892443,23.39211565379302,16.002050420947864,0.003176023045072499,1,gs25,test
test2/gs25/BPM4_ 71.png,303.4722291433347,296.95726926491636,22.58906277124923,15.600131626598913,-0.14370377614186633,1,gs25,test
test2/gs25/BPM4_ 72.png,489.56941257965866,231.85632032821346,73.4888548860296,116.15287941073962,1.4599375644638064,1,gs25,test
test2/gs25/BPM4_ 73.png,483.45715265480595,227.0510093664005,74.62347564789161,117.50933780467658,1.4205415802798471,1,gs25,test
test2/gs25/BPM4_ 74.png,484.1520551223362,228.70881639959768,74.4222010673515,116.65163233914157,1.4258517813343037,1,gs25,test
test2/gs25/BPM4_ 75.png,478.9223606274139,229.7398988261675,74.69876882180448,116.39666992941262,1.4118355403212222,1,gs25,test
test2/gs25/BPM4_ 76.png,481.34498597249575,227.67614810790602,74.48797033476025,117.06332967629345,1.4182887533779096,1,gs25,test
test2/gs25/BPM4_ 77.png,304.7954208929116,295.94946578669493,22.447417207266227,15.204861741150864,-0.1837154446667985,1,gs25,test
test2/gs25/BPM4_ 78.png,299.3095300377523,299.0972488332996,23.486431646195353,16.2106023506331,-0.16706531366978683,1,gs25,test
test2/gs25/BPM4_ 79.png,491.9399634439617,237.17359517434886,72.59094908216413,114.3299995718616,1.4764941818804864,1,gs25,test
test2/gs25/BPM4_ 80.png,488.1249853166222,233.74968731595607,73.99181777234871,116.0898572418945,1.4339753371235053,1,gs25,test
test2/gs25/BPM4_ 81.png,480.60155367032985,229.5758198155773,74.83920131820497,117.12727142820216,1.4065720588577377,1,gs25,test
test2/gs25/BPM4_ 82.png,482.77906569419736,231.2995833003181,74.55699507325518,116.29921396334616,1.4082664449686766,1,gs25,test
test2/gs25/BPM4_ 83.png,488.483473378455,234.14343890711046,73.76039794473175,115.68894651015727,1.4412586929602984,1,gs25,test
test2/gs25/BPM4_ 84.png,492.2689362669096,233.88576701427377,72.54396610164147,115.22718574519465,1.4890634003123482,1,gs25,test
test2/gs25/BPM4_ 85.png,480.27953006863504,228.86598190295123,74.92717431723771,116.45910934748771,1.4099894973807308,1,gs25,test
test2/gs25/BPM4_ 86.png,478.1561271589886,230.31476895223014,74.67188204731528,116.2658276775657,1.4090630385759124,1,gs25,test
test2/gs25/BPM4_ 87.png,481.6838410538629,227.83952332369188,74.60666468695479,116.95097345291016,1.417798709994878,1,gs25,test
test2/gs25/BPM4_ 88.png,480.14566286587194,228.8243469013203,74.79256261134863,116.76415132971604,1.4100792632473225,1,gs25,test
test2/gs25/BPM4_ 89.png,479.1950877045318,228.92242190327434,74.42093011382767,116.04807163576866,1.4138015717423462,1,gs25,test
test2/gs25/BPM4_ 90.png,483.6692453011258,231.44229361026663,74.03173977310546,116.24168716136101,1.4222143377808651,1,gs25,test
test2/gs25/BPM4_ 91.png,304.11748926728364,295.4781328219618,23.410674828224607,15.38001148872263,-0.1807174683142028,1,gs25,test
test2/gs25/BPM4_ 92.png,306.3390530085915,298.82433956129535,23.71757603253139,16.135400684279574,-0.10573150131641562,1,gs25,test
test2/gs25/BPM4_ 93.png,304.6954156762893,301.3105680547911,22.148482856000104,16.080719379120037,-0.05552825050722702,1,gs25,test
test2/gs25/BPM4_ 94.png,306.1932730224513,301.68827446607725,23.234654143892598,16.378666543846762,-0.07254315830645384,1,gs25,test
test2/gs25/BPM4_ 95.png,304.97555460066206,300.22846421080186,22.995350561606134,15.90636582431154,-0.12689668778015922,1,gs25,test
test2/gs26/BPM4_ 100.png,486.27178143042585,229.90296324116804,74.10749393471221,117.0548353272316,1.4380051679621086,1,gs26,test
test2/gs26/BPM4_ 101.png,480.1098148489264,227.87134175663527,74.90057479192885,116.9395396805941,1.4106848554239306,1,gs26,test
test2/gs26/BPM4_ 102.png,481.1911688329819,228.11307680609087,74.65083804925355,116.53150001068171,1.4123153705504883,1,gs26,test
test2/gs26/BPM4_ 103.png,305.21420601036624,296.9041783083716,21.777468787467654,15.509485434240771,-0.159594886531382,1,gs26,test
test2/gs26/BPM4_ 104.png,483.2644835613232,227.78343897890915,74.53631283227851,117.31434248041028,1.423519856391959,1,gs26,test
test2/gs26/BPM4_ 105.png,479.01690567772954,228.556657424826,74.69482153779413,116.16098229209013,1.40884646422567,1,gs26,test
test2/gs26/BPM4_ 96.png,304.3879846726574,299.26028440073094,22.725238981897494,15.398509445561022,-0.15060749671700513,1,gs26,test
test2/gs26/BPM4_ 97.png,305.64075477174794,297.05938576269693,23.435502467594215,15.721012966717655,-0.15541466461458248,1,gs26,test
test2/gs26/BPM4_ 98.png,305.69103350225123,295.3838158264321,23.59341334184191,15.62283029603573,-0.16945303185474966,1,gs26,test
test2/gs26/BPM4_ 99.png,304.15222914456876,293.7819726138705,23.247907450125094,15.321583828867071,-0.16949066377685634,1,gs26,test
train1/gs11/BPM1_ 1.png,380.8512851068089,241.5593064662514,105.1343546031986,109.10585737303124,0.8166912052759105,1,gs11,train
train1/gs11/BPM1_ 10.png,379.75367445936496,239.657522235934,105.18278377893769,108.86525619722995,0.8148778159364235,1,gs11,train
train1/gs11/BPM1_ 11.png,381.1841962641218,241.20230250441062,104.9502478202957,109.49916237165183,0.8213553724638865,1,gs11,train
train1/gs11/BPM1_ 12.png,381.1156770562258,241.81323586457353,104.58037294297233,108.88064656392949,0.8192320852400073,1,gs11,train
train1/gs11/BPM1_ 13.png,381.66947850826534,241.89723982490497,104.86025833534596,108.72752204859194,0.8155006637323484,1,gs11,train
train1/gs11/BPM1_ 14.png,380.1721934858192,240.32579879432612,105.26987453655467,108.85691811083015,0.8139623794975175,1,gs11,val
train1/gs11/BPM1_ 15.png,379.7675065275169,239.65993505376574,105.36450524871321,108.69605408000525,0.8122250927226451,1,gs11,train
train1/gs11/BPM1_ 16.png,380.76454946175113,240.73768088272314,105.23320931202372,109.06750927914634,0.8158470248434172,1,gs11,train
train1/gs11/BPM1_ 17.png,380.5848330080235,241.40598791684238,104.75197428310425,108.64000808703034,0.8157702419428744,1,gs11,train
train1/gs11/BPM1_ 18.png,381.5109128462741,240.90388385911433,104.6965377121501,109.2067763996331,0.8208419784012501,1,gs11,train
train1/gs11/BPM1_ 19.png,380.8248036759918,240.7977629822149,104.75459807825062,108.97863198145757,0.8190236471908987,1,gs11,train
train1/gs11/BPM1_ 2.png,380.9013350314039,242.0836950504019,104.54275298020332,108.64387654121228,0.8178195184664341,1,gs11,train
train1/gs11/BPM1_ 20.png,380.6658909514298,242.08332196173998,105.23012692280405,108.97675338152652,0.81477617946758,1,gs11,train
train1/gs11/BPM1_ 21.png,56.9684797817812,49.2105394340931,13.502249984452657,14.207627716231748,-0.8428110938179814,1,gs11,train
train1/gs11/BPM1_ 22.png,380.8005755549072,241.52228509740533,105.18409276124937,108.66497003540924,0.8127215259775282,1,gs11,train
train1/gs11/BPM1_ 23.png,380.0148236473517,240.4895304186705,105.70115857260629,108.77868499353347,0.8099134877716948,1,gs11,train
train1/gs11/BPM1_ 24.png,379.7719941286037,240.10984363722142,105.40378175887471,108.51870985591908,0.8103187095598167,1,gs11,train
train1/gs11/BPM1_ 25.png,380.1860762205886,240.35688794929413,105.37036565323592,108.96314320011012,0.8141203559580151,1,gs11,train
train1/gs11/BPM1_ 26.png,380.23153509105487,240.68472014546603,104.92445646689222,108.99182830230279,0.8180695461938442,1,gs11,train
train1/gs11/BPM1_ 27.png,381.4026792891674,241.6238652812314,104.63191409820047,108.92033501645741,0.8190575361045445,1,gs11,train
train1/gs11/BPM1_ 28.png,380.8130220006377,241.9550800694905,104.74978548010279,108.6627646281204,0.8166852091359257,1,gs11,val
train1/gs11/BPM1_ 29.png,56.54550307976508,49.00866412841433,12.478210807558318,13.22997031406603,-0.8674529932341921,1,gs11,train
train1/gs11/BPM1_ 3.png,381.2081794280068,241.2628118074648,104.80359126620385,108.52716164365141,0.8146033748890938,1,gs11,train
train1/gs11/BPM1_ 30.png,381.4289311156254,241.1610218378123,104.64376727097829,108.35480714674813,0.8143803351543137,1,gs11,train
train1/gs11/BPM1_ 31.png,380.1622658240887,240.57495456889075,105.43853614937824,108.44525573857888,0.8091530462722114,1,gs11,train
train1/gs11/BPM1_ 32.png,379.9696803245501,240.78491384362897,105.3301772105818,108.52345792907202,0.8106585297851088,1,gs11,val
train1/gs11/BPM1_ 33.png,380.06762013097796,239.5215824399686,105.11249990459282,108.48740636346487,0.8124302192038205,1,gs11,train
train1/gs11/BPM1_ 34.png,380.63067164994305,240.06839886680928,105.24666894064435,109.00288785278141,0.8152340454234754,1,gs11,train
train1/gs11/BPM1_ 35.png,380.2435464646571,241.42916253879818,104.82170317807967,108.43247973812392,0.8137043486552596,1,gs11,train
train1/gs11/BPM1_ 36.png,381.5935018310701,241.92851913889703,104.62784978326424,108.91023474346531,0.8186711677046488,1,gs11,train
train1/gs11/BPM1_ 37.png,381.4960871259083,241.69592905588067,104.38398544102506,108.77487321766203,0.8198274832277496,1,gs11,train
train1/gs11/BPM1_ 38.png,381.8747692893092,242.51373154716435,104.75760946486278,108.65497327196367,0.8155732709656046,1,gs11,train
train1/gs11/BPM1_ 39.png,380.582618501395,241.3738147609058,104.74945220905714,108.30226235573055,0.8135051926929924,1,gs11,train
train1/gs11/BPM1_ 4.png,380.4721835832205,240.53992619937387,105.009244593191,108.7181320935053,0.8146404590408861,1,gs11,train
train1/gs11/BPM1_ 40.png,380.43238640582814,240.94152596619324,105.05522815741007,108.74452033969101,0.8147226743976927,1,gs11,train
train1/gs11/BPM1_ 41.png,379.8191503669607,240.50228241995003,105.5240609262609,108.50867154698449,0.8093000937263721,1,gs11,train
train1/gs11/BPM1_ 42.png,379.92537728787926,240.5327398908008,104.84556607476257,108.23643366685036,0.8120819800453075,1,gs11,train
train1/gs11/BPM1_ 43.png,380.15604124053147,240.06808192837383,105.25333842886415,108.69002462277771,0.8125868169791651,1,gs11,train
train1/gs11/BPM1_ 44.png,380.0701741326804,239.40011091237673,105.24394627989821,108.51058032910458,0.8116957095687016,1,gs11,train
train1/gs11/BPM1_ 45.png,380.301703998484,240.081456363196,105.38590767084804,109.03551079391566,0.8146505402787834,1,gs11,val
train1/gs11/BPM1_ 46.png,380.36596219581014,239.4739564704128,104.89615713311865,108.9450440730868,0.817743984668644,1,gs11,train
train1/gs11/BPM1_ 47.png,380.4682524558583,240.15631890404137,105.14348699848144,108.89358582425335,0.8153259358812233,1,gs11,train
train1/gs11/BPM1_ 48.png,379.12066739036686,241.87524060875415,105.12982881864039,109.68599087623325,0.8229574084027002,1,gs11,train
train1/gs11/BPM1_ 49.png,380.27012394283935,241.4574723468596,105.17166488990989,108.907147833858,0.8146456817420717,1,gs11,train
train1/gs11/BPM1_ 5.png,380.122387779473,240.28340068445473,104.81449630517885,108.56648340246038,0.8154099262083333,1,gs11,train
train1/gs11/BPM1_ 50.png,380.38307840555683,241.41687331702408,104.76361942322023,108.91389019162348,0.8179208162671429,1,gs11,train
train1/gs11/BPM1_ 6.png,381.2966658289276,241.363859690346,105.0519759376508,109.40949000799607,0.8195055685593962,1,gs11,train
train1/gs11/BPM1_ 7.png,380.57253001195846,242.05181244978021,104.81486072918797,108.84062830599603,0.8169884976363646,1,gs11,train
train1/gs11/BPM1_ 8.png,55.961020061881996,49.059175221215924,11.992993081376492,13.309957648992897,-0.9259257803509696,1,gs11,train
train1/gs11/BPM1_ 9.png,380.546007480466,240.59713157327747,105.13164990097893,108.79356711088971,0.8141488105089727,1,gs11,val
train1/gs12/BPM1_ 100.png,380.08074797191455,241.336797909421,105.36532999969582,108.60010440030851,0.8109697382083894,1,gs12,train
train1/gs12/BPM1_ 51.png,381.19016106573423,241.35440676477512,104.83151189765303,109.03853770707384,0.8181491379333047,1,gs12,train
train1/gs12/BPM1_ 52.png,380.327086994887,241.0980058756386,105.18609954187795,108.64605841702064,0.8128329361416544,1,gs12,train
train1/gs12/BPM1_ 53.png,380.64354754905384,241.29767350849957,105.0278173807451,109.05992658764146,0.8173900990377476,1,gs12,train
train1/gs12/BPM1_ 54.png,380.38567895300537,240.91238235003235,104.66219087889837,108.85240928059883,0.818405164539555,1,gs12,train
train1/gs12/BPM1_ 55.png,380.7697539114207,241.38391473832746,105.03982946751533,109.1988356888468,0.818164311731213,1,gs12,train
train1/gs12/BPM1_ 56.png,380.25260040733014,241.074486296087,104.7702009806715,108.91435634816214,0.818121735784602,1,gs12,train
train1/gs12/BPM1_ 57.png,380.6372945174825,241.3346325551201,104.91981641916568,109.19559130119669,0.8191204944005115,1,gs12,train
train1/gs12/BPM1_ 58.png,380.3602229056554,241.02051679867157,104.86736835782983,108.81359121557665,0.816794432849426,1,gs12,train
train1/gs12/BPM1_ 59.png,380.6085616768506,241.35137010218313,105.00093596323535,109.02103820870352,0.8171972024340441,1,gs12,train
train1/gs12/BPM1_ 60.png,380.3936552095099,241.51852745614335,105.08876603270059,108.80177136304181,0.8149189708154091,1,gs12,train
train1/gs12/BPM1_ 61.png,380.31154677192995,241.23520327256284,105.32096858604285,109.04153539134218,0.8150467060436672,1,gs12,val
train1/gs12/BPM1_ 62.png,380.4697148840791,241.57943414619692,104.90227400290378,108.25450152164115,0.8116475533772395,1,gs12,train
train1/gs12/BPM1_ 63.png,380.9346136196104,241.63916176579866,104.92154590088637,108.62166465838693,0.8141994671948407,1,gs12,train
train1/gs12/BPM1_ 64.png,380.25279738691586,240.83354218691142,104.72509314450356,108.75070580183595,0.8171404273722829,1,gs12,train
train1/gs12/BPM1_ 65.png,380.5394212139147,241.2730523007212,105.12191652229305,109.07549383355172,0.8163727377917513,1,gs12,train
train1/gs12/BPM1_ 66.png,380.5234562861686,241.12472814985776,104.91226059400465,108.41878081300814,0.8130020559539464,1,gs12,train
train1/gs12/BPM1_ 67.png,380.20018975328287,240.72635944388102,105.15634478813017,109.05544696305687,0.8160454901514921,1,gs12,train
train1/gs12/BPM1_ 68.png,378.72653870149304,242.1483723917815,105.28659425766077,109.78054293783849,0.8226136704282159,1,gs12,val
train1/gs12/BPM1_ 69.png,380.29767520976566,240.58559307955596,105.1010277102662,108.7179402877936,0.8139535696395037,1,gs12,train
train1/gs12/BPM1_ 70.png,379.1608105623908,239.64905552170998,105.20513442233482,108.58050638667133,0.8124006717147182,1,gs12,train
train1/gs12/BPM1_ 71.png,379.88767788786504,240.04643695859087,105.38443600439416,108.86380992978839,0.8130432919547229,1,gs12,train
train1/gs12/BPM1_ 72.png,379.2828722945272,239.45867173384556,105.2279375188906,108.07290240538298,0.8079784052986362,1,gs12,train
train1/gs12/BPM1_ 73.png,379.58906555752645,240.14419144177424,105.44878268322347,108.5510335523737,0.8100771985005495,1,gs12,train
train1/gs12/BPM1_ 74.png,378.93714373671327,240.4823381208271,105.28422544523765,108.05224825310151,0.8075563397617544,1,gs12,train
train1/gs12/BPM1_ 75.png,379.9389014070371,240.4442395888138,105.07051785953807,108.74503188697622,0.8143840751251443,1,gs12,train
train1/gs12/BPM1_ 76.png,378.766939341417,240.15883116436197,105.22291522094373,108.16882000425205,0.8091127041830074,1,gs12,train
train1/gs12/BPM1_ 77.png,379.32455366980645,240.441340741354,105.40581610511252,108.06787356874636,0.8063842241480723,1,gs12,train
train1/gs12/BPM1_ 78.png,379.8998852986169,240.25108194240852,105.30735619014108,108.14930821891807,0.8078264948806066,1,gs12,train
train1/gs12/BPM1_ 79.png,379.4485954643217,240.50359004882623,105.24139268854289,108.13991393376747,0.8084091297051925,1,gs12,train
train1/gs12/BPM1_ 80.png,379.7874990598171,240.28138635681924,105.52182272954407,108.59781363494622,0.8097491127287498,1,gs12,train
train1/gs12/BPM1_ 81.png,379.621014999824,240.72653183303058,105.0055286477345,108.47282117380095,0.8128717023064264,1,gs12,train
train1/gs12/BPM1_ 82.png,380.27337305623365,240.84960209002674,105.31227632689075,108.77931765429672,0.812900853292389,1,gs12,train
train1/gs12/BPM1_ 83.png,379.9538232170553,240.76823248960713,105.08931596582856,108.21855417321646,0.8100112160100984,1,gs12,train
train1/gs12/BPM1_ 84.png,380.5882779284788,241.63999648170613,104.97774752440498,108.34502425710839,0.8115966224117822,1,gs12,val
train1/gs12/BPM1_ 85.png,380.117865666124,241.41783846145398,105.03488355070061,108.65104328405923,0.8140367970947265,1,gs12,train
train1/gs12/BPM1_ 86.png,380.5354343725718,242.14656922190642,105.12527773603043,108.58138250227695,0.8124622417763868,1,gs12,train
train1/gs12/BPM1_ 87.png,380.163209847199,242.0555940505083,104.80022130794447,108.3645937336315,0.8133124257594279,1,gs12,val
train1/gs12/BPM1_ 88.png,380.1365785325929,242.29731217202357,105.21042572899714,108.77390154483541,0.813433978434078,1,gs12,train
train1/gs12/BPM1_ 89.png,380.4774056551057,241.72152201707212,104.65899098186112,108.64150611020499,0.8168520132236362,1,gs12,train
train1/gs12/BPM1_ 90.png,380.20240209500287,241.37380497977014,105.1435660478203,108.94528811434135,0.8152993063329483,1,gs12,train
train1/gs12/BPM1_ 91.png,379.9813599474746,241.18609576543275,105.01445319171123,108.71401200366908,0.8148889675036518,1,gs12,train
train1/gs12/BPM1_ 92.png,380.3174266434622,241.25407810002142,105.20984252609354,109.01004860995948,0.8156270214413194,1,gs12,train
train1/gs12/BPM1_ 93.png,379.6974079760176,241.47502216757061,105.04833398641338,108.35923549651348,0.8117534497586143,1,gs12,train
train1/gs12/BPM1_ 94.png,380.26731573520493,241.51834066163215,105.3816328299766,108.9619801894753,0.8138620737069551,1,gs12,train
train1/gs12/BPM1_ 95.png,379.8967525551735,240.95292704853495,104.94906714942339,108.5859232006494,0.8143660314077011,1,gs12,train
train1/gs12/BPM1_ 96.png,380.2234005076921,241.33078644982461,105.06865332242565,108.93439034047336,0.8160233151783111,1,gs12,train
train1/gs12/BPM1_ 97.png,379.94379925047406,241.2588648584659,105.12636775407748,108.75371535464797,0.8144084006339242,1,gs12,train
train1/gs12/BPM1_ 98.png,379.9280595496336,241.0686570338737,105.43564596636726,108.74079253760532,0.8117120218889639,1,gs12,val
train1/gs12/BPM1_ 99.png,379.757024517555,241.4637562874658,105.01553085278124,108.43907754190516,0.812597913440552,1,gs12,train
train1/gs13/BPM1_ 101.png,380.3048161634135,241.6538337860346,104.78796958241402,108.19594253631395,0.8118711119996057,1,gs13,train
train1/gs13/BPM1_ 102.png,380.9999680747759,242.2177313721969,104.69830222338258,108.68027489292007,0.8163385369140229,1,gs13,train
train1/gs13/BPM1_ 103.png,380.5479413779851,241.55574300971455,104.51200029610698,108.40349784041602,0.8156720157644272,1,gs13,train
train1/gs13/BPM1_ 104.png,380.7150443878412,241.75602019060554,104.93016951764872,108.59192900122021,0.8137433914533994,1,gs13,train
train1/gs13/BPM1_ 105.png,379.46322167072736,241.74977981182914,105.10742408229586,108.23678620047208,0.8100776990721826,1,gs13,train
train1/gs13/BPM2_ 1.png,94.1030589782816,303.5219019074268,14.384286269873362,9.772283264909133,0.06955687235461402,1,gs13,train
train1/gs13/BPM2_ 10.png,281.7849687294389,321.07466164947505,7.95503165019536,11.677150454373155,-1.2803652649971569,1,gs13,train
train1/gs13/BPM2_ 11.png,281.8564430709652,323.41098351997334,8.149853233930441,12.102491241465623,-1.2681629793088167,1,gs13,val
train1/gs13/BPM2_ 12.png,281.53683429466156,321.614289540623,8.39254786461148,11.343055745607396,-1.236242019462765,1,gs13,train
train1/gs13/BPM2_ 13.png,281.79968995459336,320.6467725829282,8.439872637375641,11.728728648760738,-1.2361248045137043,1,gs13,train
train1/gs13/BPM2_ 14.png,281.6268002159491,320.31795202465037,8.149561493557004,11.586113442605782,-1.2810320892280582,1,gs13,train
train1/gs13/BPM2_ 15.png,93.83315667776765,302.83935396163696,14.639706296820648,9.098638092578133,0.09950585687462762,1,gs13,train
train1/gs13/BPM2_ 16.png,281.9470912341323,318.6704922094743,7.581749258449711,12.138888350286916,-1.3519140038402824,1,gs13,train
train1/gs13/BPM2_ 17.png,94.24018445259932,301.9768764028226,14.752689544149982,8.931352764083783,0.09845366373729487,1,gs13,train
train1/gs13/BPM2_ 18.png,282.24112676837956,318.34684561523295,8.153159202935875,11.553854381642369,-1.3140019887669103,1,gs13,train
train1/gs13/BPM2_ 19.png,93.55391201769618,302.56408344628386,14.665662486944097,9.034873256979214,0.13895830413464091,1,gs13,train
train1/gs13/BPM2_ 2.png,281.4144925890585,319.99061241200775,7.615084136379555,10.603791681105289,-1.3037022097290822,1,gs13,train
train1/gs13/BPM2_ 20.png,94.94711145801078,302.29634838469553,14.616802225929087,12.20434364748886,-0.19872076362230867,1,gs13,train
train1/gs13/BPM2_ 21.png,94.04640274244883,304.43039120417495,14.44303088343062,10.021937337732336,0.09142210086473002,1,gs13,train
train1/gs13/BPM2_ 22.png,280.955625435483,321.85661659447584,7.908648833894499,12.384938654190565,-1.2947242575436508,1,gs13,train
train1/gs13/BPM2_ 23.png,94.99117533127664,307.2978057751186,14.897475400833374,12.65428223965712,0.4877476332859806,1,gs13,train
train1/gs13/BPM2_ 24.png,280.79077187147413,321.49044260949773,7.88523849170529,12.494592829945185,-1.3231154845573938,1,gs13,train
train1/gs13/BPM2_ 25.png,93.89165391733367,303.7901437493631,14.450310623186418,10.814235173701986,0.06560030293850146,1,gs13,val
train1/gs13/BPM2_ 26.png,93.64780827698183,302.8937552016012,14.596149192240686,9.154290575009549,0.103513502846409,1,gs13,train
train1/gs13/BPM2_ 27.png,282.8828326107042,317.5293698479648,8.533270921921215,11.877701583990097,-1.2363436089974318,1,gs13,train
train1/gs13/BPM2_ 28.png,282.88674679971615,317.91450138801935,8.71408734800044,12.108335741401545,-1.2475252449931034,1,gs13,train
train1/gs13/BPM2_ 29.png,94.25458294812931,304.11047968307383,14.475854136234265,10.361803643899723,0.13570459801719495,1,gs13,train
train1/gs13/BPM2_ 3.png,94.62503483878469,301.58152366889914,14.807418750745716,10.534947027555148,-0.0714086220306639,1,gs13,train
train1/gs13/BPM2_ 30.png,94.02513117894019,302.97996150540564,14.645417863452291,10.46613506424042,-0.04287866686110566,1,gs13,train
train1/gs13/BPM2_ 31.png,93.7433930746079,303.1248639587055,14.525194581864657,9.89954778590446,0.09297415344790057,1,gs13,train
train1/gs13/BPM2_ 32.png,93.98513780535599,303.82557573971127,14.760356781769845,10.149544967968465,-0.039026617627874044,1,gs13,train
train1/gs13/BPM2_ 33.png,94.31337459647733,299.4460336110488,14.949262498919959,9.655029404934504,-0.03178488850824544,1,gs13,train
train1/gs13/BPM2_ 34.png,94.74091372544595,302.2206488136853,14.724522812389292,10.83308282024336,-0.04727659320336649,1,gs13,train
train1/gs13/BPM2_ 35.png,282.6729790894745,319.20935650046266,8.387679495217222,12.241450704986399,-1.2593252103908552,1,gs13,val
train1/gs13/BPM2_ 36.png,93.65841001679652,303.1935410734003,14.513488566306753,9.442554760416787,0.08081447114686445,1,gs13,train
train1/gs13/BPM2_ 37.png,93.89232190399927,303.2221032116954,14.494887041079103,10.100446409103707,0.08308104172678632,1,gs13,train
train1/gs13/BPM2_ 38.png,93.76525390533743,303.5287244114014,14.651145312117237,9.665848004008593,0.10715439915872997,1,gs13,train
train1/gs13/BPM2_ 39.png,281.7654447707617,321.8980979898046,8.346339227648365,12.50425925246306,-1.2780391285349966,1,gs13,train
train1/gs13/BPM2_ 4.png,282.3403317185097,319.08300275729806,8.056900068969174,10.813307605020274,-1.2225712400707838,1,gs13,train
train1/gs13/BPM2_ 40.png,94.28362058059285,304.3955499157205,14.563724096547608,11.291319714791467,-0.05861713435267024,1,gs13,train
train1/gs13/BPM2_ 5.png,282.93479652758276,318.36849301280154,8.40272528629288,11.295751230400313,-1.1887511988515382,1,gs13,val
train1/gs13/BPM2_ 6.png,94.58352285900915,301.37102866423083,14.978183126763925,11.137328256247105,0.3364524845496609,1,gs13,train
train1/gs13/BPM2_ 7.png,94.0450700321262,298.84626130030927,14.939581073734693,9.10491421431705,-0.036518610991263585,1,gs13,train
train1/gs13/BPM2_ 8.png,94.77546129080528,299.1722550166187,15.201280547724062,10.365515447046782,-0.02494458064335291,1,gs13,train
train1/gs13/BPM2_ 9.png,94.222584671123,302.0039527346313,14.621356308519847,10.572020063404247,-0.015386700683570348,1,gs13,train
train1/gs14/BPM2_ 41.png,281.92495438075235,320.1340798864976,8.369027526966097,12.331845471603742,-1.2678086432022813,1,gs14,train
train1/gs14/BPM2_ 42.png,93.76652863885911,302.23309233458167,14.421546823847022,9.811190383008263,0.14239038479886287,1,gs14,train
train1/gs14/BPM2_ 43.png,93.85178434723014,299.2027279945726,14.83087128717882,9.108231485426392,-0.038315147443070546,1,gs14,train
train1/gs14/BPM2_ 44.png,281.6348838710741,315.26514818513493,8.36760598308206,12.50099693468952,-1.3173510559691575,1,gs14,train
train1/gs14/BPM2_ 45.png,283.87037331206545,318.85940613898686,8.513811855673909,12.329584886985554,-1.303318197279618,1,gs14,train
train1/gs14/BPM2_ 46.png,94.13189167691222,303.23317307450856,14.443689994142733,9.964276689009745,0.15119266208322243,1,gs14,train
train1/gs14/BPM2_ 47.png,93.89601029677387,303.3638650865415,14.37418432028348,10.585061209213343,0.09963475902478072,1,gs14,train
train1/gs14/BPM2_ 48.png,93.92053191161247,302.0294761076659,14.704430877645512,8.993622133632016,0.1069483066001106,1,gs14,train
train1/gs14/BPM2_ 49.png,93.70846932823656,301.9156255261873,14.632639090903465,9.581074740943013,0.08311976658045231,1,gs14,train
train1/gs14/BPM2_ 50.png,280.1616145300026,318.18144187234014,8.508779211529292,12.245703475180271,-1.2453635353491492,1,gs14,train
train1/gs14/BPM2_ 51.png,93.44917905430681,302.029230743494,14.478379089282491,9.482298037613976,0.10633670191037459,1,gs14,train
train1/gs14/BPM2_ 52.png,280.01324291085297,318.072531645079,8.512334214796375,12.301994239414844,-1.2445278898169356,1,gs14,train
train1/gs14/BPM2_ 53.png,94.19250040811046,300.28046821044626,14.893498517225108,10.187877162354425,-0.012954892322677975,1,gs14,train
train1/gs14/BPM2_ 54.png,93.51846687879652,301.8303392996453,14.71531970346736,9.073415303995425,0.09933896342614562,1,gs14,train
train1/gs14/BPM2_ 55.png,94.02104492207573,301.5597090118165,14.674910003111442,9.108254557991772,0.1281432258200778,1,gs14,train
train1/gs14/BPM2_ 56.png,94.33415029398492,301.0284217470082,14.977435216487759,9.961920623011155,0.03174373501123026,1,gs14,train
train1/gs14/BPM2_ 57.png,93.99846151923694,301.49990828806096,14.625826216198897,9.20951394242396,0.12497437899999941,1,gs14,train
train1/gs14/BPM2_ 58.png,93.52586322043798,302.0614142942583,14.724181273176248,8.8461784301727,0.13013413506542823,1,gs14,train
train1/gs14/BPM2_ 59.png,93.68076618476897,301.9795863365816,14.547112416553666,9.898526777656127,0.08265808241845014,1,gs14,train
train1/gs14/BPM2_ 60.png,94.28883654191023,301.71520431828753,14.72438675230754,10.58708573797893,0.010737629700509213,1,gs14,train
train1/gs14/BPM2_ 61.png,279.79214739962214,318.02384452341863,8.513465294519348,12.315545237251392,-1.2306557823812392,1,gs14,train
train1/gs14/BPM2_ 62.png,93.45239331406812,302.0098839394678,14.619749968219944,8.54827496457247,0.10909217300976336,1,gs14,train
train1/gs14/BPM2_ 63.png,94.53074815726897,301.7191565312633,14.842096834727997,10.379012686857283,0.03790901541076021,1,gs14,train
train1/gs14/BPM2_ 64.png,94.17005712548008,301.6984606298706,14.808276138993136,9.961111249740213,0.012822740918015045,1,gs14,train
train1/gs14/BPM2_ 65.png,94.25496113878681,300.91867966350947,14.736356393187103,9.874875403328687,-0.014194317746932738,1,gs14,train
train1/gs14/BPM2_ 66.png,93.6102964204583,302.4033618394443,14.728867518300834,9.354709786300976,0.11192477967657909,1,gs14,train
train1/gs14/BPM2_ 67.png,93.76504014262555,302.01103063169614,14.543202112736429,9.326227496087949,0.11862353598441706,1,gs14,val
train1/gs14/BPM2_ 68.png,93.55371423110162,302.5679041007737,14.554625743011892,9.184428121849223,0.12350289906581176,1,gs14,train
train1/gs14/BPM2_ 69.png,279.633250170164,317.87219643556955,8.523223983064437,12.399367971603821,-1.2394390412932952,1,gs14,train
train1/gs14/BPM2_ 70.png,93.44989374297272,301.94848696696926,14.683699914881176,8.920858382852327,0.11152638316559806,1,gs14,train
train1/gs14/BPM2_ 71.png,93.49643923103409,301.7104098320818,14.662109334478398,8.706854220219904,0.10581000957819836,1,gs14,train
train1/gs14/BPM2_ 72.png,93.52624006667871,302.22556495009314,14.631620063898541,9.262116262056464,0.09496218244655989,1,gs14,train
train1/gs14/BPM2_ 73.png,94.56856887997922,301.1033673494371,14.926367164249063,9.651245597186447,0.010892196742001897,1,gs14,train
train1/gs14/BPM2_ 74.png,93.19264350775815,302.533541637478,14.668651932077351,8.935641736181248,0.10541253841482531,1,gs14,train
train1/gs14/BPM2_ 75.png,93.91587667496627,301.63695103489977,14.769629915792615,9.351062814352252,0.12240999910693225,1,gs14,val
train1/gs14/BPM2_ 76.png,93.18724589376974,302.6711011240114,14.479131991548204,9.535722712142736,0.11691627497773287,1,gs14,train
train1/gs14/BPM2_ 77.png,93.61034110687713,302.93394821214827,14.500520766451398,9.58029007420319,0.0928315930626658,1,gs14,train
train1/gs14/BPM2_ 78.png,93.42807923060116,302.66536073819805,14.677772289579245,9.000739904688388,0.13060246656620036,1,gs14,train
train1/gs14/BPM2_ 79.png,93.60781616217052,301.9064586378387,14.595133647311743,9.753774081229746,0.06984250763803948,1,gs14,val
train1/gs14/BPM2_ 80.png,93.66323988479166,303.1603032778687,14.397455311995898,9.288022551449899,0.10328866434417455,1,gs14,train
train1/gs14/BPM2_ 81.png,93.68965779808602,301.8054449799304,14.739260761017402,9.586718741500132,0.09873921792251211,1,gs14,train
train1/gs14/BPM2_ 82.png,93.67759508206555,303.120853097509,14.577300353603814,9.401678950965398,0.12441887974490974,1,gs14,train
train1/gs14/BPM2_ 83.png,93.9529691146975,301.67916460223864,14.57202016949719,10.006398382446719,0.03801592203695633,1,gs14,val
train1/gs14/BPM2_ 84.png,93.30080815652416,303.2328801447552,14.581416756944252,9.329703214069482,0.10115277409620355,1,gs14,train
train1/gs14/BPM2_ 85.png,94.68304985745316,304.5234658093762,14.949838326994819,12.285170068632171,0.4793047599142551,1,gs14,train
train1/gs14/BPM2_ 86.png,93.4219340990778,302.7125615809757,14.586623006896906,9.535921763475198,0.08486341836778025,1,gs14,train
train1/gs14/BPM2_ 87.png,93.74991950887251,302.4347050076889,14.674717173601744,9.189034585367171,0.09158681286627356,1,gs14,val
train1/gs14/BPM2_ 88.png,93.46560851582655,302.3877811808353,14.712218231550814,9.28336458625355,0.08317921312957079,1,gs14,train
train1/gs14/BPM2_ 89.png,94.2900912726828,301.8397012894507,14.794065855413654,10.75765645062199,0.013880169977019118,1,gs14,train
train1/gs14/BPM2_ 90.png,93.90112650930064,302.3678269034988,14.673698004475453,9.708305643163506,0.12904755125275202,1,gs14,train
train1/gs15/BPM2_ 100.png,93.88882146784825,301.54560983413705,14.686948908883744,9.282343967237873,0.12327828282272633,1,gs15,train
train1/gs15/BPM2_ 101.png,93.45023890182871,301.7565615613188,14.769882667338736,8.991009277637815,0.05334458920549645,1,gs15,train
train1/gs15/BPM2_ 102.png,93.3560189382792,301.9652062748711,14.43873144033244,9.924884725096783,0.07666551351838805,1,gs15,train
train1/gs15/BPM2_ 103.png,93.46332146069658,302.57482596071924,14.660688229447446,9.245216325062778,0.11809488795069893,1,gs15,train
train1/gs15/BPM2_ 104.png,93.88396194644751,301.3997074790368,14.750792707693687,9.39839248317102,0.1364607911765109,1,gs15,train
train1/gs15/BPM2_ 105.png,93.91943766546932,301.1961480877783,14.750451622278334,10.03651096605517,0.03666190360305978,1,gs15,train
train1/gs15/BPM2_ 91.png,279.12554368853597,318.2039364355203,8.338242140761581,12.312519117352362,-1.2670687913991336,1,gs15,train
train1/gs15/BPM2_ 92.png,93.20786161012268,302.1800502213048,14.568843406374667,8.945219341604787,0.10819620633833774,1,gs15,train
train1/gs15/BPM2_ 93.png,94.32263412483232,302.01422585792153,14.57350648853707,11.354340785169391,-0.04547932532352891,1,gs15,train
train1/gs15/BPM2_ 94.png,93.83769166602713,302.16978851704914,14.689158906541238,9.256281868364304,0.09561342025794098,1,gs15,train
train1/gs15/BPM2_ 95.png,93.92738699957249,301.32415023616795,14.74995875650366,9.685163969306815,0.12933088898160036,1,gs15,train
train1/gs15/BPM2_ 96.png,93.87457101601412,302.51438001913175,14.696528248754552,9.58070858728906,0.14305103379758996,1,gs15,train
train1/gs15/BPM2_ 97.png,93.74325190299997,302.4378723272899,14.744835824658441,9.93129968045134,0.11558677172183618,1,gs15,train
train1/gs15/BPM2_ 98.png,94.008239703782,302.5225519941102,14.475550364162398,10.221063990046627,0.13376708718382332,1,gs15,train
train1/gs15/BPM2_ 99.png,93.71283180168854,302.8088045132568,14.552069115653296,9.71479538134515,0.10329600294249312,1,gs15,train
train1/gs15/BPM3_ 106.png,365.84481004504903,234.5076199208806,36.99235962197554,54.82950992832542,1.4217221241866356,1,gs15,train
train1/gs15/BPM3_ 107.png,363.90863454614833,231.17413019360325,38.32590247361429,55.04865763419655,1.3807209055119498,1,gs15,train
train1/gs15/BPM3_ 108.png,363.11089724774,230.60928898908878,38.271235300635155,54.52716400272121,1.341482463964573,1,gs15,train
train1/gs15/BPM3_ 109.png,361.3321642633067,228.0029003444517,39.45426510821003,55.233855044166866,1.300694527687349,1,gs15,train
train1/gs15/BPM3_ 110.png,361.08521129027247,229.06430411031184,39.29696983603701,54.56363242150218,1.2651685964175148,1,gs15,train
train1/gs15/BPM3_ 111.png,360.4847081100055,230.5361327513473,39.95635356517645,54.5185927711453,1.2334118499688473,1,gs15,train
train1/gs15/BPM3_ 112.png,362.6551328090096,232.85049536804246,39.869776098481026,54.459302775102856,1.2934280101929627,1,gs15,train
train1/gs15/BPM3_ 113.png,363.68867523085305,233.66297156267768,38.88814325516304,54.26978388611251,1.331510385157119,1,gs15,train
train1/gs15/BPM3_ 114.png,362.7681371702526,233.11902207605684,39.372986273996915,54.75995610336545,1.3202658410173405,1,gs15,train
train1/gs15/BPM3_ 115.png,363.4832418243815,234.59306761500062,38.36862004512968,54.3725902998147,1.3393954537542676,1,gs15,train
train1/gs15/BPM3_ 116.png,362.69723169825966,234.3277547692347,38.70086688788535,54.82069132644239,1.3298123777565962,1,gs15,val
train1/gs15/BPM3_ 117.png,362.5968650467785,234.4436373053606,37.941551909296365,54.766784037234395,1.3449705018909626,1,gs15,val
train1/gs15/BPM3_ 118.png,362.0898004985881,233.74023569760644,38.86944395026532,54.60822132039698,1.3174508141894987,1,gs15,train
train1/gs15/BPM3_ 119.png,361.368188542954,232.44303378545695,40.09117990780654,54.97190020419061,1.2778156130663894,1,gs15,train
train1/gs15/BPM3_ 120.png,362.34154092918214,233.13184950172464,39.76313171946692,54.52071080519145,1.283211880560729,1,gs15,train
train1/gs15/BPM3_ 121.png,362.20467299532766,232.68930253788454,40.58001102032946,54.64360257896013,1.268522264474873,1,gs15,val
train1/gs15/BPM3_ 122.png,361.8381216335675,234.0206202799649,39.757956750880226,54.42947526585773,1.3096972471412247,1,gs15,train
train1/gs15/BPM3_ 123.png,360.7963723295151,233.59947764719973,40.396873987968895,54.89077756005346,1.32680517036195,1,gs15,train
train1/gs15/BPM3_ 124.png,362.018155701153,233.7639592255351,39.63959409673894,54.650275834915185,1.317643630171192,1,gs15,train
train1/gs15/BPM3_ 125.png,362.0028383801212,233.04492388264,39.820278405443844,54.91575613513934,1.3029927899137304,1,gs15,train
train1/gs15/BPM3_ 126.png,362.6878413623065,233.00405824968558,39.37341480302507,55.12590239553876,1.3064042484256755,1,gs15,train
train1/gs15/BPM3_ 127.png,363.85828244113577,233.77214376237708,38.24547844830619,54.67955722759319,1.3063355040445606,1,gs15,train
train1/gs15/BPM3_ 128.png,364.1551298625266,235.90798978160802,38.336312654952934,54.50521263818283,1.3160971187555368,1,gs15,val
train1/gs15/BPM3_ 129.png,363.81105728125965,236.00910031329718,38.36723978735293,54.014121214840685,1.2973133551101335,1,gs15,train
train1/gs15/BPM3_ 130.png,362.86047805166925,234.31406498266625,39.34056728780413,54.8490892444689,1.3113953225658663,1,gs15,train
train1/gs15/BPM3_ 131.png,361.3785453519308,231.63918433001655,40.58221291247584,55.8740196028593,1.3150446464494725,1,gs15,train
train1/gs16/BPM3_ 132.png,361.794114564304,231.77940466146603,40.20927210321666,55.56298371284092,1.3385907976416849,1,gs16,train
train1/gs16/BPM3_ 133.png,361.754230460806,231.90127838713474,40.29462239695834,55.68454732654576,1.3486039133099192,1,gs16,val
train1/gs16/BPM3_ 134.png,363.06002441879514,233.72880763344074,39.320174129149315,55.107434542741096,1.344230713583623,1,gs16,train
train1/gs16/BPM3_ 135.png,362.6824510467049,233.25713769995983,39.77474939694357,55.29894436069368,1.3386021411259577,1,gs16,train
train1/gs16/BPM3_ 136.png,361.86484517901476,232.64004589802934,40.287286675576205,55.553327113527615,1.3110964142437609,1,gs16,train
train1/gs16/BPM3_ 137.png,362.8346244710044,233.29430453438277,39.69384740508127,55.14138114761152,1.3267766488938675,1,gs16,train
train1/gs16/BPM3_ 138.png,362.1756394074515,233.48447053399698,40.01841633612516,54.87444674407292,1.2914741785607367,1,gs16,train
train1/gs16/BPM3_ 139.png,362.58299146466663,233.5385266091114,39.81492132093063,54.87894200707441,1.3036236685088705,1,gs16,train
train1/gs16/BPM3_ 140.png,362.11053224154006,232.86311432980654,40.226389621366906,55.16562560619369,1.2924170098971102,1,gs16,train
train1/gs16/BPM3_ 141.png,361.4462520345917,232.2369794748276,40.598301514341465,55.54235035120209,1.286032653556892,1,gs16,train
train1/gs16/BPM3_ 142.png,361.8668210253133,232.92662978408464,40.114728262160405,55.13180923614678,1.2927770657004325,1,gs16,train
train1/gs16/BPM3_ 143.png,361.52004056936374,232.93983622737173,40.05382917077248,55.27057172063592,1.298716407364875,1,gs16,train
train1/gs16/BPM3_ 144.png,362.5419021989591,231.79078932398784,39.753138415598364,55.18034313211108,1.3032937754688967,1,gs16,train
train1/gs16/BPM3_ 145.png,361.8642454703923,231.47214021708564,40.22195199712307,55.524614785677116,1.2893921117768241,1,gs16,train
train1/gs16/BPM3_ 146.png,361.4906121736302,231.8223963710841,40.69868980835335,55.70825067100803,1.2952012130799966,1,gs16,train
train1/gs16/BPM3_ 147.png,361.91615278434136,233.51883299555195,40.10952390507874,55.19376308773452,1.3014279879668458,1,gs16,train
train1/gs16/BPM3_ 148.png,361.72509996221464,234.2391804545999,40.37684812142496,55.36218438278295,1.3073424475984046,1,gs16,train
train1/gs16/BPM3_ 149.png,360.45490957670233,234.32774596691706,40.29859574511279,54.75563571207891,1.2883596082973798,1,gs16,train
train1/gs16/BPM3_ 150.png,360.1051872410817,233.4287351320873,40.774116996469104,55.046115295009955,1.269306350176618,1,gs16,train
train1/gs16/BPM3_ 151.png,359.8906262489401,232.56626959536155,41.204713143722,55.59045897926704,1.2760257285270622,1,gs16,val
train1/gs16/BPM3_ 152.png,361.97195150113674,232.70627592194035,40.227332054118996,55.25290769792141,1.291366397474107,1,gs16,train
train1/gs16/BPM3_ 153.png,362.6614352583987,232.58318466167546,40.17879246727276,55.73989306647575,1.3182528977776133,1,gs16,train
train1/gs16/BPM3_ 154.png,363.558063725323,232.88814512029188,39.47703841863969,55.22391551978432,1.3207064891640112,1,gs16,train
train1/gs16/BPM3_ 155.png,363.18764270462185,232.15067553983923,39.86501228680887,55.50306252883272,1.3070801661316642,1,gs16,train
train1/gs16/BPM3_ 156.png,379.0913487042189,253.67170535364025,38.77934179823445,66.18829307238609,1.324704727559619,1,gs16,train
train1/gs16/BPM3_ 157.png,373.5625092545032,246.49882577376425,38.27770749974771,62.01755713540104,1.3270629771248774,1,gs16,train
train1/gs16/BPM3_ 158.png,367.7821340857334,238.61071113606747,39.21797178036486,58.542435054314296,1.3017956238750799,1,gs16,train
train1/gs16/BPM3_ 159.png,365.2438157148141,235.24784839569148,39.581673752204864,57.190842480187115,1.2919172543829776,1,gs16,train
train1/gs16/BPM3_ 160.png,359.5967907270238,228.07185414284967,41.41240680197196,56.92194231326379,1.2352200678314988,1,gs16,train
train1/gs16/BPM3_ 161.png,352.88555439723115,221.23388290141284,44.59897053561592,57.59608411151669,1.1254689522971284,1,gs16,train
train1/gs16/BPM3_ 162.png,343.3783787935334,228.18795276722966,48.46113931564593,54.26757974761647,1.0137769916971642,1,gs16,train
train1/gs16/BPM3_ 163.png,339.1817037034712,232.05971740105235,49.432700639190124,53.83600609416573,1.0059794414296057,1,gs16,train
train1/gs16/BPM3_ 164.png,343.6221263652727,231.21673184966943,46.43357513368088,54.90363845940495,1.1437325218147611,1,gs16,train
train1/gs16/BPM3_ 165.png,358.74091568182797,232.33787633680365,41.97408030854725,55.302015749206284,1.2843318558673866,1,gs16,val
train1/gs16/BPM3_ 166.png,374.2695488602191,236.47129967999928,43.04374748255569,56.316834120833136,1.317706114443895,1,gs16,train
train1/gs16/BPM3_ 167.png,390.17357824048935,239.32803875810475,48.44513131879588,57.23269634215344,1.2505439367865603,1,gs16,train
train1/gs16/BPM3_ 168.png,386.8162796438165,239.4814394322699,44.940334170789086,56.634337477415414,1.3161871081670622,1,gs16,train
train1/gs16/BPM3_ 169.png,369.5662629612523,235.72529289420504,43.59402004262214,55.99966620669066,1.1927852501418323,1,gs16,train
train1/gs16/BPM3_ 170.png,366.9942389237676,234.54277783236387,43.016116534446844,55.75939035669836,1.1928260449327293,1,gs16,train
train1/gs16/BPM3_ 171.png,366.03872432056767,233.61643873517224,42.19439627570193,55.859553433038684,1.2341162265266663,1,gs16,val
train1/gs16/BPM3_ 172.png,365.0319209177594,232.85371091371135,41.907391772806136,56.15848053949148,1.2465811071757862,1,gs16,train
train1/gs16/BPM3_ 173.png,365.0849403460315,233.21277032464357,41.306235218606204,55.68169619278205,1.2558528119829662,1,gs16,train
train1/gs16/BPM3_ 174.png,364.3673681419811,232.34538831840933,41.45726692383873,55.891901052159135,1.256869252142924,1,gs16,train
train1/gs16/BPM3_ 175.png,363.97181722355253,231.9150413085641,41.47004957863313,56.110352114402495,1.2600092243325287,1,gs16,train
train1/gs17/BPM3_ 176.png,364.6969893225521,232.8211910928892,40.672058937833626,55.54962412677427,1.279394545424283,1,gs17,train
train1/gs17/BPM3_ 177.png,363.96799457608313,231.99338307587044,41.01385927268063,55.86034474134501,1.2691011784080453,1,gs17,train
train1/gs17/BPM3_ 178.png,363.40539890911657,231.3244133813527,41.349261060485595,56.101423836565985,1.2602716188375689,1,gs17,train
train1/gs17/BPM3_ 179.png,363.9178649024999,231.8275828485634,40.82743952257889,55.86793126075562,1.2697356771891135,1,gs17,train
train1/gs17/BPM3_ 180.png,364.07331840635686,232.14344708526883,40.68498572893316,55.73982326779755,1.282549215015053,1,gs17,train
train1/gs17/BPM3_ 181.png,368.38116566439015,231.57512201098285,41.466927968775714,56.1612922825345,1.2913811572987237,1,gs17,train
train1/gs17/BPM3_ 182.png,367.84229275304864,231.8134901503079,40.82445540861613,55.901842176974256,1.2913177150124886,1,gs17,val
train1/gs17/BPM3_ 183.png,366.94749451679036,231.56854962785755,40.9008928163819,55.976608357867676,1.285028598435969,1,gs17,train
train1/gs17/BPM3_ 184.png,365.0453260082086,231.9325850112912,40.57416754611425,55.8149894288186,1.284706601650101,1,gs17,train
train1/gs17/BPM3_ 185.png,362.1364673073122,231.57795231300517,40.883101985145856,55.91449371147137,1.2752902471602292,1,gs17,train
train1/gs17/BPM3_ 186.png,359.1190758321189,231.53897369428034,41.367411170066994,55.968625955215366,1.2630935524451057,1,gs17,train
train1/gs17/BPM3_ 187.png,361.1552672555011,231.68581485847218,40.73467670021946,55.797530842360665,1.2757314294883484,1,gs17,train
train1/gs17/BPM3_ 188.png,372.97159228996435,232.08909460886093,42.17996073022175,55.55648027715362,1.2721033598811264,1,gs17,train
train1/gs17/BPM3_ 189.png,380.81047762959236,232.2518201334622,43.71977955039896,55.49036807630997,1.2764722050966444,1,gs17,train
train1/gs17/BPM3_ 190.png,373.9402449719471,231.721850771231,42.01368873128028,55.53202777734726,1.266128017340159,1,gs17,val
train1/gs17/BPM3_ 191.png,365.9027103914918,231.3310007626304,41.96286229174308,56.016549362621916,1.248057443923833,1,gs17,train
train1/gs17/BPM3_ 192.png,360.0032842161946,233.14239584823517,42.50030819568283,55.365772241588665,1.233420342360368,1,gs17,train
train1/gs17/BPM3_ 193.png,353.85009700416236,234.00031583960964,44.11745204283217,55.611537124132404,1.212895191255489,1,gs17,train
train1/gs17/BPM3_ 194.png,356.88226370239886,232.1145717394594,42.32470439718631,56.16837375604147,1.2464779737785987,1,gs17,train
train1/gs17/BPM3_ 195.png,362.2466066733112,231.84496465168243,41.51684194881015,55.81344179504495,1.2694353416185842,1,gs17,val
train1/gs17/BPM3_ 196.png,362.8382087566863,231.92172052323332,41.24506007042465,55.76261852757171,1.27296377095414,1,gs17,train
train1/gs17/BPM3_ 197.png,362.9372567379274,231.69188437651562,41.15674666495782,55.788248770867106,1.2686784098848274,1,gs17,train
train1/gs17/BPM3_ 198.png,362.766461676535,231.23213510664988,41.3450062127183,55.84498004528324,1.2598940309880202,1,gs17,train
train1/gs17/BPM3_ 199.png,362.7845384791605,230.85899974539979,41.34905308893991,56.09048104526804,1.2667577289714296,1,gs17,train
train1/gs17/BPM3_ 200.png,363.41469597841666,249.06318106225942,40.03910885083895,61.632101598615044,1.3569153483936536,1,gs17,train
train1/gs17/BPM3_ 201.png,363.1648268924148,266.5635934773686,38.91187667734178,67.15280027929079,1.4769273179971711,1,gs17,train
train1/gs17/BPM3_ 202.png,363.2833558794952,266.8493710240351,38.7797055896692,66.93978488705869,1.475607097826115,1,gs17,train
train1/gs17/BPM3_ 203.png,363.4753460745803,257.30426655190837,39.17103156181047,63.620847920391064,1.395078169173874,1,gs17,train
train1/gs17/BPM3_ 204.png,364.18420547914417,237.8316828482557,39.89514097642778,65.10143012599183,1.3938319930984047,1,gs17,train
train1/gs17/BPM3_ 205.png,367.9568780926542,230.78060340252023,38.39420338833445,65.87022492433054,1.4792812552818726,1,gs17,train
train1/gs17/BPM3_ 206.png,367.42693573814194,227.19742887878454,39.07456982115359,63.7167400595896,1.444434746611845,1,gs17,train
train1/gs17/BPM3_ 207.png,363.6981461967254,230.97470262427407,40.771717817694,60.196811760343564,1.352065302444304,1,gs17,train
train1/gs17/BPM3_ 208.png,364.27118279070186,232.3200897055903,40.159277075540764,59.08598562567481,1.35245770429561,1,gs17,train
train1/gs17/BPM3_ 209.png,363.81891041358335,232.01028188760313,40.44225209973958,58.456573244778625,1.3334388581608851,1,gs17,train
train1/gs17/BPM3_ 210.png,364.08373225038775,232.20437169927374,40.13662793635644,57.685537122696836,1.3310244462890517,1,gs17,train
train1/gs17/BPM4_ 211.png,475.81880837106877,225.81130571931666,73.66050799417897,113.85654433978945,1.4472513288694207,1,gs17,train
train1/gs17/BPM4_ 212.png,480.61138744350075,230.38568713161055,74.63387978369614,116.93698330522017,1.4048223772856372,1,gs17,train
train1/gs17/BPM4_ 213.png,482.65634775158014,231.04979514409237,74.35757585944954,116.65978470488908,1.407029368189204,1,gs17,train
train1/gs17/BPM4_ 214.png,481.63191728596973,229.92194400912726,74.59748849613989,116.31267009020152,1.4060613445813077,1,gs17,val
train1/gs17/BPM4_ 215.png,483.18296104243586,230.9316917927447,74.54055434469652,117.19486209155018,1.4162345114927362,1,gs17,train
train1/gs17/BPM4_ 216.png,483.45762954625724,232.04026012259655,74.188763891581,116.16080956291397,1.41194196563132,1,gs17,train
train1/gs17/BPM4_ 217.png,482.8436314103537,232.48735588977806,74.16986774760362,115.73613911449338,1.4134869331781836,1,gs17,train
train1/gs17/BPM4_ 218.png,485.51804169679195,233.55850965331385,74.22700597540717,116.17448731980454,1.4232181096007375,1,gs17,train
train1/gs17/BPM4_ 219.png,482.99771497131155,230.48665180732053,74.48912824707048,117.08070062829108,1.407293768352746,1,gs17,train
train1/gs18/BPM4_ 220.png,484.08738894999624,231.1079779358136,74.36023536601817,115.99570835072504,1.4086735392348313,1,gs18,train
train1/gs18/BPM4_ 221.png,481.1099496663948,229.96078973967852,74.81205842976732,116.72782954249732,1.401070282417884,1,gs18,train
train1/gs18/BPM4_ 222.png,485.28221735640443,234.20808993466943,74.03653679609239,116.25784088547545,1.424081187745998,1,gs18,train
train1/gs18/BPM4_ 223.png,483.05577536534327,231.24336521045774,74.37337367816428,116.15855297184805,1.407404704010842,1,gs18,train
train1/gs18/BPM4_ 224.png,484.70807414177443,232.59578823065647,74.27120387887557,115.64264279113972,1.417017347823816,1,gs18,train
train1/gs18/BPM4_ 225.png,486.06569835284654,233.61069656565837,74.18140517638321,116.01317638699388,1.4257666579084776,1,gs18,train
train1/gs18/BPM4_ 226.png,483.6792778101309,230.94277459915085,74.38185478848742,116.83995666411764,1.4094766018376221,1,gs18,train
train1/gs18/BPM4_ 227.png,296.68524665855665,297.7655975356141,20.951555365702564,14.049128154199494,-0.16626290244945227,1,gs18,train
train1/gs18/BPM4_ 228.png,483.58198404157633,230.25360209590002,74.58529147612238,116.43398659017318,1.4114056330156273,1,gs18,train
train1/gs18/BPM4_ 229.png,486.6067880475694,234.16108283098058,73.9079884371882,115.87638844244103,1.430809652050326,1,gs18,val
train1/gs18/BPM4_ 230.png,484.35284466079145,232.0814747296197,74.17468612977127,116.69210862554928,1.4151725628140261,1,gs18,train
train1/gs18/BPM4_ 231.png,486.9764130714403,235.5533163000752,73.77305295323352,114.80980592831644,1.4339873618747774,1,gs18,train
train1/gs18/BPM4_ 232.png,482.8603641416455,230.22413956167074,74.50884585058978,116.24849480663465,1.405025745668025,1,gs18,train
train1/gs18/BPM4_ 233.png,484.02237606096986,231.43492520949064,74.62492666317159,116.24956176829293,1.4121836352205444,1,gs18,val
train1/gs18/BPM4_ 234.png,486.24862838695765,233.31701918448502,74.23460064910479,116.23262875521009,1.4252703761785903,1,gs18,train
train1/gs18/BPM4_ 235.png,484.6649770563709,231.83603213654268,74.37211789555678,116.61300641262036,1.415800025550194,1,gs18,train
train1/gs18/BPM4_ 236.png,487.1617287464242,233.6315523704363,73.97308361553974,115.98672197541501,1.4296946069660494,1,gs18,train
train1/gs18/BPM4_ 237.png,484.6598915600228,231.014322810082,74.2498269768827,116.8809743906561,1.4154275437811012,1,gs18,train
train1/gs18/BPM4_ 238.png,487.5024182042872,233.73177115430235,73.84315462111512,115.49152187582912,1.4346014192358694,1,gs18,train
train1/gs18/BPM4_ 239.png,485.00334935555486,231.39627945081318,74.46451242690382,115.83756888145277,1.4143655817532554,1,gs18,train
train1/gs18/BPM4_ 240.png,487.1099312218766,232.56870343439357,74.13103578024615,115.5797222271702,1.4279507813673056,1,gs18,train
train1/gs18/BPM4_ 241.png,485.0854842119247,231.10798879599017,74.4011817985293,116.00334329036413,1.4154140267936353,1,gs18,train
train1/gs18/BPM4_ 242.png,486.81694451188724,232.29623695571914,74.17364292163239,115.37809122165501,1.424426779221157,1,gs18,train
train1/gs18/BPM4_ 243.png,485.16956245568775,231.6987881230182,74.38273310245553,115.94365244892276,1.4178618511403909,1,gs18,train
train1/gs18/BPM4_ 244.png,486.51184053334333,232.0278218013418,74.26915245758494,115.74674099473336,1.426212783111914,1,gs18,train
train1/gs18/BPM4_ 245.png,484.37982895359016,230.1520460347204,74.60309442745358,115.86715852674307,1.4109446592356998,1,gs18,train
train1/gs18/BPM4_ 246.png,486.89475302676317,232.7015596765709,74.1613700779009,115.56656411570916,1.4290021866632778,1,gs18,train
train1/gs18/BPM4_ 247.png,484.5977853894604,230.91572837231027,74.59315622187364,116.297834403788,1.4129070581467333,1,gs18,val
train1/gs18/BPM4_ 248.png,486.0588611013677,232.2877535873652,74.44435550724057,116.11723581064311,1.4198467571709206,1,gs18,train
train1/gs18/BPM4_ 249.png,484.3454604258389,230.32182665127988,74.63476011695454,117.09605775978878,1.412175233565121,1,gs18,train
train1/gs18/BPM4_ 250.png,488.9037828440919,236.70111475306072,73.40918341581141,115.2582045464801,1.449906658311229,1,gs18,train
train1/gs18/BPM4_ 251.png,486.1409713639896,233.5524807811383,74.04891078343485,116.21059832483289,1.4238918535059673,1,gs18,train
train1/gs18/BPM4_ 252.png,489.851484880872,237.66484089124458,72.83625429930694,114.23771224730591,1.4624807846138315,1,gs18,train
train1/gs18/BPM4_ 253.png,486.0692702953211,233.48142777928703,74.16349273245085,115.42418603545018,1.4212523285480916,1,gs18,train
train1/gs18/BPM4_ 254.png,489.29761471232615,236.73403121218752,73.19377972823165,114.34514987848691,1.4590270160901262,1,gs18,train
train1/gs18/BPM4_ 255.png,486.3922490028318,232.12748008768335,74.18390627541227,115.50746437359582,1.4264035567419338,1,gs18,train
train1/gs18/BPM4_ 256.png,297.4326776730014,298.86830462450234,20.040587805119227,13.756741091834858,-0.1618540065378352,1,gs18,train
train1/gs18/BPM4_ 257.png,485.72462451997103,231.95047608364396,74.30975890671122,115.94930313821243,1.4213826287236297,1,gs18,val
train1/gs18/BPM4_ 258.png,488.12919737882874,236.11060023939123,73.58341132138894,114.62294821005698,1.4453996866916914,1,gs18,train
train1/gs18/BPM4_ 259.png,484.21389899845605,231.83352636810116,74.41427665405426,115.67602287145156,1.4091101319757935,1,gs18,train
train1/gs18/BPM4_ 260.png,486.7014179812746,235.34515861829388,73.88624457967065,115.03617627176497,1.4271427014764195,1,gs18,train
train1/gs18/BPM4_ 261.png,484.3233028891521,232.70462837341103,74.32063510100141,115.87803502600188,1.411557967039916,1,gs18,train
train1/gs18/BPM4_ 262.png,486.35116811896495,235.6503987923789,73.89770248689554,115.0074744064903,1.4243962650005642,1,gs18,train
train1/gs18/BPM4_ 263.png,484.56101831319313,233.22605557798056,74.21414922907618,116.47227045956865,1.4124552764795513,1,gs18,train
train1/gs18/BPM4_ 264.png,486.7650518293696,236.517573712922,73.82273324058033,115.55492993712424,1.4288097581545522,1,gs18,train
train1/gs18/BPM4_ 265.png,481.02382449309016,230.6395259162938,74.72167541185121,117.14021522749087,1.4008775553530788,1,gs18,train
train1/gs18/BPM4_ 266.png,478.5537338191737,231.3319795093713,74.69525069091753,116.85108267631755,1.4053688989923192,1,gs18,val
train1/gs18/BPM4_ 267.png,479.1098685442388,230.8109987897354,74.81860592849037,116.63432995048066,1.402541947172696,1,gs18,train
train1/gs18/BPM4_ 268.png,483.72069263909725,231.61683491136023,74.57588523094208,116.65329384951706,1.4084969553724396,1,gs18,train
train1/gs18/BPM4_ 269.png,483.9313030445595,230.40448353129221,74.71355405973985,116.89289095468214,1.4134510524311206,1,gs18,train
train1/gs19/BPM4_ 270.png,485.621263909427,231.15220445612522,74.42656408442124,116.5408084966428,1.427194712803546,1,gs19,train
train1/gs19/BPM4_ 271.png,481.0848535426195,228.97709054831574,74.65324820414048,116.31475739337964,1.4139668992322891,1,gs19,train
train1/gs19/BPM4_ 272.png,478.77184396801437,230.71113127748245,74.63067523620747,115.49388158282251,1.4079452016886895,1,gs19,train
train1/gs19/BPM4_ 273.png,483.44377996280826,228.87583635844288,74.70431158096159,116.42975074452032,1.4118636574136045,1,gs19,val
train1/gs19/BPM4_ 274.png,487.2620460504224,233.23270712114368,73.98727931305856,115.60115112530441,1.4292825948384993,1,gs19,val
train1/gs19/BPM4_ 275.png,482.32651733084384,230.91807766892887,74.50022110435272,117.31192096745367,1.4048149879792555,1,gs19,train
train1/gs19/BPM4_ 276.png,478.1003103298421,231.27992875066778,74.73343754855182,116.7413115949523,1.407388734096377,1,gs19,train
train1/gs19/BPM4_ 277.png,476.858487473971,231.19209864585812,74.64746490411584,116.09254019728735,1.4093943661354011,1,gs19,train
train1/gs19/BPM4_ 278.png,479.28679091617727,231.16868612596798,74.61697044817957,116.1133721431481,1.4039483419523706,1,gs19,train
train1/gs19/BPM4_ 279.png,485.87613517125254,235.43266074484134,74.08895855659438,115.10956752795123,1.419463250439776,1,gs19,train
train1/gs19/BPM4_ 280.png,483.64660354444493,232.63330494295428,74.28277131850503,115.82119284322062,1.4055318255645957,1,gs19,train
train1/gs19/BPM4_ 281.png,485.03626990624934,234.841706691306,74.03231923287278,115.76279449982405,1.4152478270931372,1,gs19,train
train1/gs19/BPM4_ 282.png,480.87175400085636,230.74111785245304,74.65250389880835,117.30433161581367,1.4066972736347565,1,gs19,val
train1/gs19/BPM4_ 283.png,479.874806009728,229.9181066688666,74.73688750604524,116.82338710293212,1.4070040182760732,1,gs19,train
train1/gs19/BPM4_ 284.png,478.0428155172698,229.7179538176201,74.67639720852596,115.76140783632309,1.4106751470778172,1,gs19,train
train1/gs19/BPM4_ 285.png,478.60563961022524,229.76795110781748,74.44425045702,115.59941267065675,1.413074534457616,1,gs19,train
train1/gs19/BPM4_ 286.png,479.9112104171469,229.2580103107099,74.38678427851909,115.80956155036706,1.4098933084532916,1,gs19,train
train1/gs19/BPM4_ 287.png,484.4380754444999,232.542967761711,74.35818547947017,115.61277612041353,1.4080399224151783,1,gs19,train
train1/gs19/BPM4_ 288.png,483.48020582034695,232.58476381136012,74.48701015588207,116.66295693846543,1.399437845234989,1,gs19,train
train1/gs19/BPM4_ 289.png,485.37021777945586,235.26026096259554,74.33629301781657,116.24835761633317,1.4057460038076635,1,gs19,val
train1/gs19/BPM4_ 290.png,481.35006729259624,231.97616637012555,74.80136552456001,117.1949751008173,1.394690496219613,1,gs19,train
train1/gs19/BPM4_ 291.png,478.0364247285553,231.5199353195405,74.65224016369552,116.85759351867091,1.4071372042693138,1,gs19,train
train1/gs19/BPM4_ 292.png,478.70055118736485,231.39077589404565,74.67417940106372,116.80729838228004,1.4040192308864137,1,gs19,train
train1/gs19/BPM4_ 293.png,484.15795088047065,233.3427914865969,74.41093200972287,116.2804160433987,1.4103414175897142,1,gs19,train
train1/gs19/BPM4_ 294.png,480.1724797629859,230.35875755808044,74.72262086212231,116.29867417359695,1.4120232504877313,1,gs19,train
train1/gs19/BPM4_ 295.png,476.26751671256,225.924788308909,73.89821451118317,114.15890540882981,1.4562916555888359,1,gs19,train
train1/gs19/BPM4_ 296.png,476.5565760091377,231.41953596903102,74.5909342566493,115.63944291873484,1.4076458618416599,1,gs19,train
train1/gs19/BPM4_ 297.png,479.53933921673286,230.13605263973704,74.67317233706233,116.28163033870533,1.4056177911370846,1,gs19,train
train1/gs19/BPM4_ 298.png,477.88905852692903,230.30515037549523,74.6227658500013,115.82711818942802,1.4076483956503119,1,gs19,train
train1/gs19/BPM4_ 299.png,477.6350700032776,230.3507758094086,74.5229884629125,115.43921977180031,1.4085176634152063,1,gs19,val
train1/gs19/BPM4_ 300.png,480.7064330485327,231.02815090578778,74.556046435499,116.16665954141914,1.4040661634454894,1,gs19,train
train1/gs19/BPM4_ 301.png,483.3960394615201,231.8528078297724,74.49894446214114,116.06051387636276,1.4068123361713432,1,gs19,train
train1/gs19/BPM4_ 302.png,493.15380603947983,239.97768468295658,70.86308751939733,112.63105933193249,1.5149971024937348,1,gs19,train
train1/gs19/BPM4_ 303.png,488.79894999447055,235.86169162293675,73.67635341884892,114.71944156353649,1.4458311987715493,1,gs19,train
train1/gs19/BPM4_ 304.png,486.44855114383404,234.40508477728855,74.20689651978232,115.29747781878693,1.420941443872611,1,gs19,train
train1/gs19/BPM4_ 305.png,484.3263692972799,231.70701175879165,74.4683147725278,115.7730150118697,1.4058676150559788,1,gs19,train
train1/gs19/BPM4_ 306.png,486.594365711219,235.24512521049888,74.04741650850981,115.10889336681231,1.4231594097474505,1,gs19,train
train1/gs19/BPM4_ 307.png,483.9225347207086,232.9678969511534,74.30806039850219,115.97380371425177,1.407034885555712,1,gs19,train
train1/gs19/BPM4_ 308.png,485.1015868068049,235.31939051160987,73.95237368900816,115.42288051580647,1.417038296712587,1,gs19,train
train1/gs19/BPM4_ 309.png,481.48098703229994,231.30773842141346,74.46243658308939,117.19153969335571,1.4057391926320106,1,gs19,train
train1/gs19/BPM4_ 310.png,478.90141649904973,230.77538714626186,74.58782877883044,116.80422551861186,1.4055179662307393,1,gs19,train
train1/gs19/BPM4_ 311.png,477.7701829263348,230.9240782805566,74.58830206154745,116.50614590810348,1.4074517880063409,1,gs19,train
train1/gs19/BPM4_ 312.png,478.78887736406335,230.3348562087358,74.70114707578331,116.77849524483088,1.4071226843925193,1,gs19,train
train1/gs19/BPM4_ 313.png,481.2169358509658,230.08651074874717,74.93627288750666,117.0878495316445,1.4011020738075175,1,gs19,train
train1/gs19/BPM4_ 314.png,480.4403199888045,229.6366854703488,74.5033033409526,116.39600162511317,1.4130889258296613,1,gs19,train
train1/gs19/BPM4_ 315.png,477.14025439123674,231.13929403123714,74.5672244301072,115.79740340723787,1.4104952296135203,1,gs19,train
